"Date","Close","High","Low","Open","Volume"
2020-01-02,72.468292,72.528612,71.223289,71.47663,135480400
2020-01-03,71.763725,72.523754,71.539337,71.696167,146322800
2020-01-06,72.335556,72.374162,70.634539,70.885472,118387200
2020-01-07,71.995354,72.60096,71.775789,72.345204,108872000
2020-01-08,73.153488,73.455087,71.698574,71.698574,132079200
2020-01-09,74.707321,74.900342,73.879735,74.13066,170108400
2020-01-10,74.876228,75.440829,74.37437,74.941378,140644800
2020-01-13,76.475929,76.502474,75.074096,75.192328,121532000
2020-01-14,75.443207,76.623066,75.320159,76.413154,161954400
2020-01-15,75.119911,76.123634,74.688019,75.242966,121923600
2020-01-16,76.060913,76.171907,75.300884,75.662804,108829200
2020-01-17,76.903,76.905408,76.003025,76.309447,137816400
2020-01-21,76.381828,76.972958,76.244297,76.53142,110843200
2020-01-22,76.654442,77.206966,76.560339,76.866761,101832400
2020-01-23,77.023628,77.103247,76.159844,76.707553,104472000
2020-01-24,76.80162,78.01284,76.611008,77.269703,146537600
2020-01-27,74.543282,75.223684,73.561273,74.811098,161940000
2020-01-28,76.652046,76.823353,75.32501,75.423935,162234000
2020-01-29,78.256538,79.103431,77.542354,78.283083,216229200
2020-01-30,78.143158,78.19624,76.907809,77.339701,126743200
2020-01-31,74.678383,77.856028,74.384022,77.433789,199588400
2020-02-03,74.473312,75.638689,72.919472,73.42133,173788400
2020-02-04,76.931931,77.122543,75.672452,76.077799,136616400
2020-02-05,77.559265,78.357899,76.956067,78.058708,118826800
2020-02-06,78.466461,78.468876,77.272133,77.829487,105425600
2020-02-07,77.399895,78.214935,76.908935,77.965828,117684000
2020-02-10,77.767509,77.767509,75.905253,75.985061,109348800
2020-02-11,77.298325,78.335872,77.080659,78.263319,94323200
2020-02-12,79.13398,79.138814,77.748165,77.748165,113730400
2020-02-13,78.570465,78.896967,78.202853,78.406007,94747600
2020-02-14,78.589813,78.838921,78.081923,78.539019,80113600
2020-02-18,77.15081,77.332199,76.089076,76.270465,152531200
2020-02-19,78.268127,78.49789,77.392625,77.392625,93984000
2020-02-20,77.465202,78.51726,76.959732,78.028722,100566000
2020-02-21,75.711761,77.501472,75.095042,77.058879,129554000
2020-02-24,72.115448,73.56656,69.950876,71.892948,222195200
2020-02-25,69.672722,73.167486,69.201115,72.785363,230673600
2020-02-26,70.777985,72.042873,69.290596,69.297852,198054800
2020-02-27,66.151367,69.169683,66.015931,67.98461,320605600
2020-02-28,66.112671,67.334028,62.003607,62.218859,426510000
2020-03-02,72.267799,72.903871,67.167141,68.269986,341397200
2020-03-03,69.972626,73.523011,69.121302,73.443204,319475600
2020-03-04,73.218269,73.377893,70.894075,71.694605,219178400
2020-03-05,70.843285,72.446757,70.478086,71.472094,187572800
2020-03-06,69.902481,70.335398,68.016038,68.202262,226176800
2020-03-09,64.373734,67.256604,63.60706,63.788449,286744800
2020-03-10,69.010056,69.276094,65.147678,67.026873,285290000
2020-03-11,66.613297,68.013622,65.749883,67.087332,255598800
2020-03-12,60.034931,65.300051,59.979306,61.899612,418474000
2020-03-13,67.227585,67.699199,61.176448,64.064165,370732000
2020-03-16,58.578976,62.659014,58.044481,58.516092,322423600
2020-03-17,61.154705,62.303499,57.657523,59.860795,324056000
2020-03-18,59.657635,60.463002,57.347947,57.988857,300233600
2020-03-19,59.200531,61.149857,58.675713,59.831765,271857200
2020-03-20,55.442154,60.90559,55.142256,59.780976,401693200
2020-03-23,54.264328,55.263178,51.42015,55.1616,336752800
2020-03-24,59.708431,59.904331,56.665932,57.164147,287531200
2020-03-25,59.379509,62.458284,59.084449,60.644394,303602000
2020-03-26,62.50423,62.562273,59.582658,59.621355,252087200
2020-03-27,59.91642,61.882674,59.749542,61.128097,204216800
2020-03-30,61.626316,61.798033,60.317896,60.64198,167976400
2020-03-31,61.500546,63.483731,60.946706,61.817375,197002000
2020-04-01,58.264561,60.153424,57.834064,59.616512,176218400
2020-04-02,59.236801,59.290009,57.29473,58.126701,165934000
2020-04-03,58.385487,59.42303,57.795367,58.721661,129880000
2020-04-06,63.478893,63.633675,60.313052,60.680664,201820400
2020-04-07,62.743664,65.711193,62.639669,65.49352,202887200
2020-04-08,64.349571,64.663976,63.179008,63.5442,168895200
2020-04-09,64.813927,65.316983,64.018239,64.985647,161834800
2020-04-13,66.08606,66.194896,64.291514,64.89131,131022800
2020-04-14,69.423607,69.713832,67.246939,67.718553,194994800
2020-04-15,68.789955,69.249472,67.870921,68.298996,131154400
2020-04-16,69.336571,69.70177,68.286934,69.503449,157125200
2020-04-17,68.395744,69.399436,66.959143,68.852848,215250000
2020-04-20,66.976082,68.124879,66.956737,67.222776,130015200
2020-04-21,64.9058,67.053446,64.194755,66.818849,180991600
2020-04-22,66.77536,67.210691,65.832138,66.173143,116862400
2020-04-23,66.516556,68.141802,66.477859,66.719711,124814400
2020-04-24,68.436844,68.44652,66.992987,67.041361,126161200
2020-04-27,68.485222,68.816558,67.706458,68.153878,117087600
2020-04-28,67.375122,69.128549,67.283225,68.94716,112004800
2020-04-29,69.588074,70.057267,68.659363,68.862518,137280800
2020-04-30,71.056137,71.232692,69.738048,70.127426,183064000
2020-05-01,69.91217,72.313759,69.133407,69.230146,240616800
2020-05-04,70.901337,71.029518,69.24707,69.93635,133568000
2020-05-05,71.965477,72.797448,71.215734,71.360847,147751200
2020-05-06,72.70797,73.3392,72.282308,72.666852,142333600
2020-05-07,73.460106,73.80596,73.032031,73.334346,115215200
2020-05-08,75.208603,75.261955,73.792365,74.11975,133838400
2020-05-11,76.392052,76.88676,74.50777,74.716329,145946400
2020-05-12,75.519012,77.526968,75.397759,77.075901,162301200
2020-05-13,74.607185,76.619995,73.530455,75.698466,200622400
2020-05-14,75.065506,75.126133,73.123025,73.845698,158929200
2020-05-15,74.621727,74.667804,72.802927,72.836881,166348400
2020-05-18,76.379921,76.753383,75.254694,75.945839,135178400
2020-05-19,75.938545,77.243225,75.907018,76.396879,101729600
2020-05-20,77.415405,77.485727,76.758207,76.797009,111504800
2020-05-21,76.838226,77.817955,76.600567,77.277163,102688800
2020-05-22,77.33297,77.415421,76.474494,76.576343,81803200
2020-05-26,76.809158,78.630379,76.753379,78.450926,125522000
2020-05-27,77.143806,77.289312,75.926425,76.666075,112945200
2020-05-28,77.17775,78.43636,76.542383,76.818837,133560800
2020-05-29,77.1026,77.881045,76.746115,77.420283,153532400
2020-06-01,78.050766,78.172019,76.925532,77.056487,80791200
2020-06-02,78.412102,78.436354,77.342646,77.78401,87642800
2020-06-03,78.843773,79.105684,78.159902,78.732222,104491200
2020-06-04,78.164757,78.965026,77.791294,78.666747,87560400
2020-06-05,80.390984,80.45161,78.385456,78.414555,137250400
2020-06-08,80.86628,80.900234,79.377292,80.087835,95654400
2020-06-09,83.419868,83.812728,80.514643,80.54617,147712400
2020-06-10,85.566071,86.034107,83.92915,84.368087,166651600
2020-06-11,81.457993,85.134395,81.356144,84.710008,201662400
2020-06-12,82.161255,84.343815,81.050578,83.596898,200146000
2020-06-15,83.177361,83.829704,80.652865,80.815348,138808800
2020-06-16,85.38176,85.653373,83.596914,85.231407,165428800
2020-06-17,85.262924,86.186874,85.141671,86.126247,114406400
2020-06-18,85.296875,85.713987,84.688181,85.219271,96820400
2020-06-19,84.809448,86.468193,83.701191,86.002585,264476000
2020-06-22,87.028389,87.171467,85.156237,85.202314,135445200
2020-06-23,88.885971,90.304637,87.85289,88.272429,212155600
2020-06-24,87.316971,89.434057,86.943508,88.514955,192623200
2020-06-25,88.476143,88.514945,86.713122,87.472169,137522400
2020-06-26,85.757637,88.592541,85.609704,88.371859,205256800
2020-06-29,87.734085,87.828666,85.187764,85.665503,130646000
2020-06-30,88.466431,88.752594,87.302402,87.321799,140223200
2020-07-01,88.29911,89.087257,88.250614,88.544045,110737200
2020-07-02,88.29911,89.841457,88.185139,89.20609,114041600
2020-07-06,90.661118,91.129154,89.695938,89.727465,118655600
2020-07-07,90.379814,91.817877,90.268263,91.039433,112424400
2020-07-08,92.484795,92.516322,91.269833,91.35714,117092000
2020-07-09,92.882492,93.430552,91.834861,93.3772,125642800
2020-07-10,93.044975,93.103182,91.866396,92.47751,90257200
2020-07-13,92.61573,96.959026,92.402323,94.349652,191649200
2020-07-14,94.148376,94.339951,91.063691,91.997336,170989200
2020-07-15,94.795845,96.27271,93.597862,96.022928,153198000
2020-07-16,93.629433,94.485481,93.030441,93.668235,110577600
2020-07-17,93.440269,94.235691,92.967378,94.080491,92186800
2020-07-20,95.409409,95.547639,93.183199,93.527562,90318000
2020-07-21,94.092606,96.275166,93.842824,96.19999,103433200
2020-07-22,94.356918,95.038361,93.707002,93.794301,89001600
2020-07-23,90.062119,94.167754,89.252147,94.09015,197004400
2020-07-24,89.839012,90.183375,86.473019,88.260299,185438800
2020-07-27,91.968246,92.0604,90.678116,90.901218,121214000
2020-07-28,90.457413,91.716023,90.452558,91.53899,103625600
2020-07-29,92.191338,92.375645,90.903628,90.940002,90329200
2020-07-30,93.306877,93.411153,90.956987,91.364396,158130000
2020-07-31,103.075066,103.225419,97.802964,99.801225,374336800
2020-08-03,105.672295,108.291364,104.658618,104.956897,308151200
2020-08-04,106.377991,107.469271,105.138778,105.86145,173071600
2020-08-05,106.763565,107.083676,105.633483,106.099099,121776800
2020-08-06,110.48848,110.983195,106.506524,107.095813,202428800
2020-08-07,107.976425,110.4666,107.179569,110.009865,198045600
2020-08-10,109.54586,110.563796,106.895341,109.421957,212403600
2020-08-11,106.287964,109.307755,106.028012,108.809723,187902400
2020-08-12,109.820389,110.077909,107.184445,107.378798,165598000
2020-08-13,111.763939,112.767299,110.711987,111.200307,210082000
2020-08-14,111.664337,111.754225,109.854402,111.589025,165565200
2020-08-17,111.37278,112.811011,110.745988,112.786715,119561600
2020-08-18,112.300827,112.725979,110.789716,111.124979,105633600
2020-08-19,112.441742,113.855677,112.346998,112.708982,145538000
2020-08-20,114.936783,115.050967,112.46604,112.483047,126907200
2020-08-21,120.859741,121.343197,115.884247,115.896391,338054800
2020-08-24,122.30526,125.150138,120.439452,125.065099,345937600
2020-08-25,121.301895,121.646879,119.579424,121.177999,211495600
2020-08-26,122.9515,123.408236,121.55214,122.618668,163022400
2020-08-27,121.481689,123.886833,120.337418,123.554001,155552400
2020-08-28,121.284904,122.873752,121.061393,122.455889,187630000
2020-08-31,125.397949,127.302636,122.443757,123.979165,225702700
2020-09-01,130.392883,130.995394,126.845907,129.012963,151948100
2020-09-02,127.691322,134.085608,123.415515,133.706616,200119000
2020-09-03,117.468246,125.20358,117.098974,123.32806,257599600
2020-09-04,117.546005,120.208669,107.760223,116.681125,332607200
2020-09-08,109.635727,115.631581,109.499679,110.733831,231366600
2020-09-09,114.008743,115.777375,112.006887,113.950439,176940500
2020-09-10,110.286835,117.098985,109.324779,116.962937,182274400
2020-09-11,108.838882,111.977721,106.895331,111.336346,180860300
2020-09-14,112.104065,112.657977,109.616321,111.482129,140150100
2020-09-15,112.278961,115.476104,110.403434,114.990216,184642000
2020-09-16,108.965218,112.725993,108.877761,111.977728,154679000
2020-09-17,107.225739,109.033242,105.641747,106.623242,178011000
2020-09-18,103.824532,107.750507,103.0957,107.284059,287104900
2020-09-21,106.973091,107.079987,100.190092,101.589452,195713800
2020-09-22,108.654251,109.674619,106.079051,109.499699,183055400
2020-09-23,104.096626,108.945785,103.756499,108.469617,150718700
2020-09-24,105.165588,107.138292,102.036469,102.201669,167743300
2020-09-25,109.110985,109.266472,104.631098,105.369649,149981400
2020-09-28,111.715317,112.065157,109.596846,111.763909,137672400
2020-09-29,110.869896,112.055464,110.364576,111.316919,99382200
2020-09-30,112.541336,113.950415,110.413152,110.578353,142675200
2020-10-01,113.493683,114.397435,112.560779,114.319691,116120400
2020-10-02,109.830078,112.113757,109.052662,109.70375,144712000
2020-10-05,113.211876,113.357644,110.34514,110.69498,106243800
2020-10-06,109.966141,112.842596,109.081821,112.434444,161498200
2020-10-07,111.831955,112.288691,110.908764,111.384939,96849000
2020-10-08,111.72506,113.114699,111.35578,112.968931,83477200
2020-10-09,113.668625,113.697777,111.676481,112.026321,100506900
2020-10-12,120.888908,121.646892,115.913414,116.671398,240226800
2020-10-13,117.682053,121.850972,116.272981,121.734356,262330500
2020-10-14,117.769508,119.557572,116.243821,117.584869,150712000
2020-10-15,117.303062,117.779231,114.815319,115.369231,112559200
2020-10-16,115.660751,118.11935,115.456679,117.856967,115393800
2020-10-19,112.706558,117.021238,112.39559,116.574222,120639300
2020-10-20,114.193367,115.621878,112.366424,112.920336,124423700
2020-10-21,113.571434,115.359498,113.163283,113.377074,89946000
2020-10-22,112.483055,114.708423,111.355792,114.135071,101988000
2020-10-23,111.793083,113.260467,111.054532,113.104979,82572600
2020-10-26,111.802803,113.260467,109.694044,110.792155,111850700
2020-10-27,113.309044,113.969852,111.307188,112.230372,92276800
2020-10-28,108.061462,112.172077,107.964286,111.802805,143937800
2020-10-29,112.065178,113.629737,109.033235,109.198442,146129200
2020-10-30,105.787498,108.829154,104.679675,107.925402,190272600
2020-11-02,105.700058,107.556153,104.290986,106.030466,122866900
2020-11-03,107.322906,108.343266,105.661171,106.564923,107624400
2020-11-04,111.705635,112.327571,109.179019,110.918499,138235500
2020-11-05,115.670464,116.243815,113.571432,114.620944,126387100
2020-11-06,115.539047,116.035503,113.047004,115.178867,114457900
2020-11-09,113.231956,118.751429,112.969128,117.300987,154515300
2020-11-10,112.891273,114.468262,111.100117,112.482425,138023400
2020-11-11,116.317818,116.4541,113.348793,114.078882,112295000
2020-11-12,116.045258,117.330214,115.422249,116.444377,103162300
2020-11-13,116.093918,116.493029,114.74082,116.26914,81581900
2020-11-16,117.106308,117.777985,115.013384,115.762939,91183000
2020-11-17,116.220467,117.466484,115.801882,116.376223,74271000
2020-11-18,114.896568,116.639049,114.867366,115.461172,76322100
2020-11-19,115.490387,115.899235,113.708967,114.468259,74113000
2020-11-20,114.224884,115.616921,114.176216,115.490375,73604300
2020-11-23,110.827538,114.497457,110.730194,114.069135,127959300
2020-11-24,112.112495,112.774443,109.600987,110.885951,113874200
2020-11-25,112.949661,113.650548,112.112492,112.482408,76499200
2020-11-27,113.494804,114.370913,113.134632,113.475339,46691300
2020-11-30,115.889488,117.758515,113.70895,113.864706,169410200
2020-12-01,119.462074,120.192164,116.824019,117.797472,127728200
2020-12-02,119.812508,120.09481,117.680645,118.780643,89004200
2020-12-03,119.676231,120.493928,118.965608,120.240828,78967600
2020-12-04,119.004532,119.598338,118.293908,119.345239,78260400
2020-12-07,120.464722,121.262952,119.004543,119.062948,86712000
2020-12-08,121.077995,121.662073,119.822241,121.068266,82225500
2020-12-09,118.547012,122.606306,117.787721,121.224006,115089200
2020-12-10,119.968254,120.581534,116.96029,117.300997,81312200
2020-12-11,119.160301,119.501008,117.349679,119.179767,86939800
2020-12-14,118.547012,120.075332,118.313386,119.345243,79184500
2020-12-15,124.485069,124.504542,120.834623,121.039047,157243700
2020-12-16,124.416939,124.96207,123.200123,124.027564,98208600
2020-12-17,125.283318,126.13996,124.640835,125.478005,94359800
2020-12-18,123.297462,125.672688,122.771797,125.536406,192541500
2020-12-21,124.825775,124.903653,120.172675,121.700994,121251600
2020-12-22,128.378906,130.84174,126.208097,128.11607,168904800
2020-12-23,127.483345,128.914307,127.308116,128.651485,88223700
2020-12-24,128.466492,129.916941,127.619593,127.833754,54930100
2020-12-28,133.061234,133.693972,129.965647,130.432915,124486200
2020-12-29,131.28952,135.105452,130.773592,134.385107,121047300
2020-12-30,130.170074,132.379816,129.858563,131.980697,96452100
2020-12-31,129.167419,131.163,128.223169,130.520518,99116600
2021-01-04,125.974457,130.062953,123.394807,129.975346,143301900
2021-01-05,127.53199,128.242621,125.020481,125.468276,97664900
2021-01-06,123.239044,127.570911,123.024884,124.329313,155088000
2021-01-07,127.444405,128.135562,124.465642,124.952368,109578200
2021-01-08,128.544373,129.108977,126.772682,128.914274,105158200
2021-01-11,125.555855,126.714265,125.088602,125.760286,100384500
2021-01-12,125.380653,126.247025,123.492154,125.088615,91951100
2021-01-13,127.415146,127.960277,125.078867,125.341688,88636800
2021-01-14,125.487724,127.522236,125.341698,127.327548,90221800
2021-01-15,123.764732,126.762967,123.62845,125.361194,111598500
2021-01-19,124.436394,125.293036,123.570022,124.387718,90757300
2021-01-20,128.524918,128.972712,125.137307,125.244388,104319500
2021-01-21,133.23642,135.962089,130.043497,130.247929,120150900
2021-01-22,135.378036,136.137328,131.435551,132.662096,114459400
2021-01-25,139.125793,141.238183,132.915163,139.27182,157611700
2021-01-26,139.359451,140.469186,137.616963,139.787773,98390600
2021-01-27,138.288589,140.469127,136.6824,139.622214,140843800
2021-01-28,133.450577,138.220502,133.070931,135.816074,142621100
2021-01-29,128.456818,133.10992,126.753275,132.224075,177523800
2021-02-01,130.578903,131.78599,127.454114,130.199257,106239800
2021-02-02,131.406296,132.691245,131.036379,132.126641,83305400
2021-02-03,130.384232,132.165651,130.06299,132.155907,89880900
2021-02-04,133.742615,133.752344,131.016945,132.681555,84183100
2021-02-05,133.328262,133.971704,132.450852,133.903469,75693800
2021-02-08,133.474503,133.523251,131.534433,132.61658,71297200
2021-02-09,132.597076,134.420162,132.441103,133.19177,76774200
2021-02-10,131.992645,133.552502,131.027482,133.05529,73046600
2021-02-11,131.739197,132.967574,130.413323,132.489865,64280000
2021-02-12,131.97316,132.129148,130.335323,130.978765,60145100
2021-02-16,129.847839,132.597069,129.457868,132.090128,80576300
2021-02-17,127.556839,128.902216,126.221221,127.956554,97918500
2021-02-18,126.4552,126.737917,124.212911,125.957988,96856700
2021-02-19,126.611183,127.430116,125.56804,126.971909,87668800
2021-02-22,122.83828,126.464935,122.448315,124.797837,103916400
2021-02-23,122.70179,123.530459,115.419234,120.654487,158273000
2021-02-24,122.20459,122.409319,119.162885,121.804882,111039900
2021-02-25,117.953979,123.286721,117.515274,121.551388,148199500
2021-02-26,118.217224,121.717137,118.158725,119.513845,164560400
2021-03-01,124.583359,124.719845,119.708824,120.644734,116307900
2021-03-02,121.980362,125.490026,121.873122,125.187807,102260900
2021-03-03,118.997131,122.555543,118.782651,121.678125,112966300
2021-03-04,117.115562,120.498491,115.643458,118.694914,178155000
2021-03-05,118.373184,118.88014,114.619794,117.94423,153766600
2021-03-08,113.440186,117.963754,113.293948,117.89551,154376600
2021-03-09,118.051491,118.997152,115.809209,116.043185,129525800
2021-03-10,116.969353,119.104394,116.452646,118.636443,111943300
2021-03-11,118.899658,120.118292,118.217226,119.465106,103026500
2021-03-12,117.992981,118.129467,116.16991,117.378792,88105100
2021-03-15,120.878716,120.888467,117.398298,118.363461,92403800
2021-03-16,122.419075,124.027673,121.590406,122.54581,115227900
2021-03-17,121.629379,122.701775,119.270099,120.937196,111932600
2021-03-18,117.505531,120.089036,117.300802,119.796561,121229700
2021-03-19,116.979103,118.382972,116.676884,116.891365,185549500
2021-03-22,120.293762,120.761721,117.242306,117.310549,111912300
2021-03-23,119.465096,121.122434,119.075131,120.235273,95467100
2021-03-24,117.076576,119.81607,117.057081,119.738076,88530500
2021-03-25,117.564034,118.607191,116.013935,116.540386,98844700
2021-03-26,118.168472,118.431701,115.935934,117.330052,94071200
2021-03-29,118.343964,119.504105,117.700529,118.597442,80819200
2021-03-30,116.891342,117.378796,115.877438,117.096072,85671900
2021-03-31,119.084877,120.420495,118.10997,118.597424,118323800
2021-04-01,119.913559,121.063949,119.416354,120.557001,75089100
2021-04-05,122.740776,122.994254,119.981788,120.761716,88651200
2021-04-06,123.043007,123.93992,122.497061,123.325731,80171300
2021-04-07,124.690598,124.710092,121.999852,122.67254,83466700
2021-04-08,127.08889,127.118136,125.295065,125.714267,88844600
2021-04-09,129.662598,129.701587,126.221178,126.542899,106686700
2021-04-12,127.946793,129.516393,127.352099,129.194672,91420000
2021-04-13,131.056732,131.280971,128.619465,129.116677,91266500
2021-04-14,128.71698,131.612455,128.356269,131.553963,87222800
2021-04-15,131.124939,131.612392,130.286519,130.46201,89347100
2021-04-16,130.793564,131.290761,129.935641,130.93005,84922400
2021-04-19,131.456467,132.070663,129.994106,130.159838,94264200
2021-04-20,129.769867,132.12914,128.502485,131.631943,94812300
2021-04-21,130.15007,130.393797,128.005278,129.038677,68847100
2021-04-22,128.629242,130.783778,128.112542,129.701631,84566500
2021-04-23,130.949524,131.729438,128.843721,128.843721,78657500
2021-04-26,131.339462,131.670927,130.208567,131.446703,66905100
2021-04-27,131.017731,132.01214,130.744758,131.622168,66015800
2021-04-28,130.228073,131.631942,129.74062,130.939751,107760100
2021-04-29,130.130585,133.630512,129.126432,133.045562,151101000
2021-04-30,128.161255,130.20855,127.781042,128.473217,109839500
2021-05-03,129.214157,130.705778,128.521982,128.726704,75135100
2021-05-04,124.641869,128.190537,123.520724,127.898062,137564700
2021-05-05,124.885597,127.17662,124.758855,125.957986,84000900
2021-05-06,126.484436,126.49418,123.939921,124.680852,78128300
2021-05-07,127.158257,128.183636,126.445355,127.783256,78973300
2021-05-10,123.876991,126.50394,123.837928,126.376997,88071200
2021-05-11,122.95903,123.310586,119.892616,120.60551,126142800
2021-05-12,119.892632,121.718807,119.384822,120.507871,112172300
2021-05-13,122.041077,123.193421,121.347718,121.660218,105861300
2021-05-14,124.462944,124.892634,122.900445,123.291071,81918000
2021-05-17,123.310593,123.955128,122.236375,123.847705,74244600
2021-05-18,121.923889,124.013733,121.85553,123.593811,63342900
2021-05-19,121.767632,121.992237,119.98052,120.273491,92612000
2021-05-20,124.326218,124.726612,122.168015,122.294973,76857100
2021-05-21,122.490288,125.000054,122.275443,124.824273,79295400
2021-05-24,124.12114,124.941456,122.98833,123.05669,63092900
2021-05-25,123.92585,125.312575,123.359442,124.824286,72009500
2021-05-26,123.876991,124.404336,123.457069,123.984414,56575900
2021-05-27,122.343811,124.6485,122.148501,123.476628,94625600
2021-05-28,121.689507,122.851619,121.630915,122.627006,71311100
2021-06-01,121.367241,122.412163,121.035213,122.148494,67637100
2021-06-02,122.128952,122.304734,121.142629,121.367234,59278900
2021-06-03,120.644577,121.923872,120.244183,121.757858,76229200
2021-06-04,122.939507,123.203183,120.947317,121.162162,75169300
2021-06-07,122.949265,123.359419,121.904343,123.212933,71057600
2021-06-08,123.769585,125.449282,123.252007,123.632866,74403800
2021-06-09,124.150444,124.755916,123.55474,124.228571,56877900
2021-06-10,123.15435,125.185603,122.988336,124.043019,71186400
2021-06-11,124.365257,124.453152,123.144554,123.564476,53522400
2021-06-14,127.421906,127.480497,124.09183,124.824252,96906500
2021-06-15,126.60157,127.539077,126.357429,126.894542,62746300
2021-06-16,127.09967,127.822332,125.449291,127.314515,91815000
2021-06-17,128.701218,129.443415,126.611374,126.757867,96721700
2021-06-18,127.402382,128.427761,127.187537,127.646523,108953300
2021-06-21,129.199234,129.306656,126.181659,127.246109,79663300
2021-06-22,130.83989,130.937552,128.535201,129.033257,74783600
2021-06-23,130.566467,131.171946,130.107481,130.634834,60214200
2021-06-24,130.283218,131.484386,129.814458,131.298837,68711000
2021-06-25,129.990295,130.752013,129.697324,130.332098,70783700
2021-06-28,131.62114,132.080125,130.224662,130.283253,62111300
2021-06-29,133.134827,133.29108,131.201236,131.640687,64556100
2021-06-30,133.750092,134.189542,132.685626,132.978598,63261400
2021-07-01,134.052795,134.111387,132.578176,133.3985,52485800
2021-07-02,136.679733,136.718789,134.521523,134.668001,78852600
2021-07-06,138.691467,139.794973,136.787173,136.787173,108181800
2021-07-07,141.181702,141.494194,139.316463,140.175828,104911600
2021-07-08,139.882904,140.683678,137.37313,138.261806,105575500
2021-07-09,141.709045,142.236383,139.306694,139.404356,99890800
2021-07-12,141.113312,142.890663,140.62503,142.783241,76299700
2021-07-13,142.226608,144.00396,140.263722,140.654342,100827100
2021-07-14,145.654358,146.064527,144.218809,144.628979,127050800
2021-07-15,145.000061,146.484441,143.642639,145.742258,106820300
2021-07-16,142.959045,146.250058,142.461004,144.980538,93251400
2021-07-19,139.111389,140.693431,138.349671,140.380924,121434600
2021-07-20,142.724655,143.652402,139.609432,140.097714,96350000
2021-07-21,141.992218,142.70512,141.240275,142.119176,74993500
2021-07-22,143.359451,144.726634,142.392649,142.519607,77338200
2021-07-23,145.078171,145.234424,143.476608,144.091848,71447400
2021-07-26,145.498108,146.318417,144.238333,144.794981,72434100
2021-07-27,143.330124,145.712939,142.138716,145.625038,104818600
2021-07-28,141.582123,143.525489,139.199306,141.416109,118931200
2021-07-29,142.226608,143.115284,141.191454,141.298877,56699500
2021-07-30,142.441498,142.900484,140.732512,140.996189,70440600
2021-08-02,142.109467,143.505945,141.84579,142.929776,62880000
2021-08-03,143.906296,144.570351,141.777381,142.39262,64786600
2021-08-04,143.505905,144.326214,142.85161,143.818412,56368300
2021-08-05,143.613358,144.375076,142.744217,143.535231,46397700
2021-08-06,142.928726,143.877413,142.429938,143.134118,54126800
2021-08-09,142.879807,143.476403,142.322339,142.98739,48908700
2021-08-10,142.400604,144.46424,142.107193,143.222143,69023100
2021-08-11,142.654907,143.49601,142.332157,142.840735,48493500
2021-08-12,145.618286,145.774774,142.635304,142.977619,72282600
2021-08-13,145.823654,146.156179,145.011891,145.696506,59375000
2021-08-16,147.799271,147.86774,143.251456,145.275962,103296000
2021-08-17,146.889771,148.34702,145.813936,146.928885,92229700
2021-08-18,143.14389,147.408084,142.938498,146.508302,86326000
2021-08-19,143.47641,144.747847,141.324756,141.843108,86960300
2021-08-20,144.933685,145.236871,143.554665,144.200166,60549600
2021-08-23,146.420288,146.889736,144.640273,145.051043,60131800
2021-08-24,146.33226,147.545018,145.872587,146.165997,48606400
2021-08-25,145.09996,147.016898,144.552268,146.518095,58991300
2021-08-26,144.298004,145.843288,144.268665,145.090218,48597200
2021-08-27,145.334671,145.481369,143.603561,144.239272,55802400
2021-08-30,149.755341,150.11722,145.344449,145.725878,90956700
2021-08-31,148.493668,149.442354,147.965525,149.305431,86453100
2021-09-01,149.158752,151.574478,148.99249,149.471728,80313700
2021-09-02,150.273712,151.320207,149.051179,150.488879,71115500
2021-09-03,150.909439,151.23219,149.726021,150.381297,57808700
2021-09-07,153.246887,153.804354,150.997425,151.564681,82278300
2021-09-08,151.701599,153.589182,150.596425,153.530503,74420200
2021-09-09,150.684464,152.67963,150.56709,152.073259,57305700
2021-09-10,145.696548,152.063493,145.432477,151.594045,140893200
2021-09-13,146.263809,148.092713,145.481385,147.320079,102404300
2021-09-14,144.865219,147.750408,143.681816,147.046228,109296300
2021-09-15,145.755188,146.156182,143.153636,145.295515,83281300
2021-09-16,145.520493,145.696545,143.984999,145.178192,68034100
2021-09-17,142.850479,145.549841,142.557068,145.549841,129868800
2021-09-20,139.799026,141.65727,138.165725,140.640129,123478900
2021-09-21,140.278229,141.422532,139.642518,140.767242,75834000
2021-09-22,142.645111,143.212353,140.542346,141.275866,76404300
2021-09-23,143.603577,143.848083,142.439723,143.427524,64838200
2021-09-24,143.691589,144.229507,142.361473,142.459282,53477900
2021-09-27,142.175659,142.752706,140.659731,142.273468,74150700
2021-09-28,138.791672,141.569262,138.576505,140.102223,108972300
2021-09-29,139.691452,141.275849,138.909028,139.339362,74602000
2021-09-30,138.390686,141.207406,138.175519,140.503226,89056700
2021-10-01,139.515411,139.779483,136.053206,138.781892,94639600
2021-10-04,136.082535,139.085082,135.231657,138.644958,98322000
2021-10-05,138.009262,139.114436,136.297716,136.424865,80861100
2021-10-06,138.87973,139.026428,135.32949,136.405325,83221100
2021-10-07,140.141342,141.050914,139.583875,139.9164,61732700
2021-10-08,139.759888,141.01176,139.427362,140.865062,58773200
2021-10-11,139.671936,141.627989,138.69391,139.143808,64452200
2021-10-12,138.400482,140.102253,137.940809,140.082688,73035900
2021-10-13,137.813644,138.292868,136.141213,138.136395,78762700
2021-10-14,140.601044,140.718417,138.400485,138.987306,69907100
2021-10-15,141.657288,141.715967,140.356511,140.610807,67940300
2021-10-18,143.329697,143.613318,140.014189,140.29781,85589200
2021-10-19,145.491135,145.892129,143.329706,143.779589,76378900
2021-10-20,145.980148,146.459386,144.865199,145.432456,58418800
2021-10-21,146.195328,146.351816,144.620705,145.540052,61421000
2021-10-22,145.422745,146.879995,145.37384,146.400771,58883400
2021-10-25,145.37381,146.087765,144.376219,145.412924,50720600
2021-10-26,146.038849,147.525438,145.735648,146.048624,60893400
2021-10-27,145.579178,146.439831,145.227088,146.077966,56094900
2021-10-28,149.217438,149.804244,146.430058,146.527866,100077900
2021-10-29,146.508331,146.645254,143.192823,143.985022,124953200
2021-11-01,145.686768,146.410497,144.552254,145.716107,74588300
2021-11-02,146.72348,148.239424,145.383574,145.393364,69122000
2021-11-03,148.161179,148.630627,146.527877,147.085344,54511500
2021-11-04,147.642822,149.080507,147.329847,148.249194,60394600
2021-11-05,148.171692,149.072787,146.976758,148.769159,65463900
2021-11-08,147.348953,148.45574,147.074708,148.299024,55020900
2021-11-09,147.711365,148.318621,146.976775,147.113898,56787900
2021-11-10,144.880768,147.045367,144.812214,146.937626,65187100
2021-11-11,144.831802,146.359748,144.645704,145.899418,41000000
2021-11-12,146.908234,147.309798,144.449796,145.380274,63804000
2021-11-15,146.918015,148.759392,146.359719,147.280408,59222800
2021-11-16,147.897461,148.377398,146.271565,146.859243,59256200
2021-11-17,150.336334,151.815304,147.8877,147.897489,88807000
2021-11-18,154.626312,155.409878,149.905354,150.551797,137827700
2021-11-19,157.251236,157.71158,153.313829,154.410812,117305600
2021-11-22,157.711624,162.29546,157.692031,158.358052,117467900
2021-11-23,158.093567,158.475553,155.791846,157.809517,96041900
2021-11-24,158.612701,158.808589,156.359955,157.447149,69463600
2021-11-26,153.588089,157.153299,153.147338,156.29139,76959800
2021-11-29,156.947617,157.878094,155.527397,156.095482,88748200
2021-11-30,161.903656,162.119137,156.634192,156.702761,174048100
2021-12-01,161.384521,166.800897,161.149447,164.038832,152052500
2021-12-02,160.395279,160.826241,154.557745,155.478434,136739200
2021-12-03,158.51474,161.570645,156.438303,160.649956,118023100
2021-12-06,161.923264,164.430662,160.904624,160.914413,107497000
2021-12-07,167.662827,168.054617,164.881182,165.605983,120405400
2021-12-08,171.482681,172.344605,167.192671,168.593297,116998900
2021-12-09,170.973389,173.118394,170.346539,171.316203,108923700
2021-12-10,175.762909,175.939218,171.100716,171.610036,115402700
2021-12-13,172.12915,178.387857,171.923459,177.3986,153237000
2021-12-14,170.748093,174.088032,168.671656,171.649188,139380400
2021-12-15,175.616013,175.8119,168.769627,171.5121,131063300
2021-12-16,168.720673,177.418225,167.241703,175.596441,150185800
2021-12-17,167.623672,169.905801,166.203468,166.438527,195432700
2021-12-20,166.262238,167.075186,164.019296,164.82244,107499100
2021-12-21,169.435669,169.641346,165.645174,168.035043,91185900
2021-12-22,172.031204,172.246685,168.612906,169.484619,92135300
2021-12-23,172.658035,173.216331,171.668793,172.236878,68356600
2021-12-27,176.624847,176.712995,173.431834,173.451413,74919600
2021-12-28,175.606201,177.604295,174.861822,176.458336,79144300
2021-12-29,175.694382,176.918699,174.479854,175.645406,62348900
2021-12-30,174.538589,176.859904,174.430849,175.782499,59773000
2021-12-31,173.921539,175.547421,173.617896,174.430844,64062300
2022-01-03,178.270325,179.122459,174.058687,174.176216,104487900
2022-01-04,176.007797,179.181232,175.439712,178.877604,99310400
2022-01-05,171.326035,176.468166,171.051789,175.919675,94537600
2022-01-06,168.466003,171.698203,168.1134,169.151618,96904000
2022-01-07,168.632492,170.562016,167.515916,169.3377,86709100
2022-01-10,168.652084,168.955713,164.714677,165.605984,106765600
2022-01-11,171.482681,171.580618,167.310216,168.779396,76138300
2022-01-12,171.923462,173.539554,171.228058,172.501336,74805200
2022-01-13,168.652084,172.991056,168.260294,172.168318,84505800
2022-01-14,169.514053,170.209457,167.574724,167.819588,80440800
2022-01-18,166.311218,168.994911,165.929232,167.986075,90956700
2022-01-19,162.814545,167.5649,162.53051,166.507088,94815000
2022-01-20,161.129883,166.193655,160.806661,163.549134,91420500
2022-01-21,159.073044,162.9125,158.965303,161.04174,122848900
2022-01-24,158.299255,158.965291,151.52144,156.732139,162294600
2022-01-25,156.497086,159.415853,153.793799,155.71352,115798400
2022-01-26,156.40892,161.012348,154.577347,160.140635,108275300
2022-01-27,155.948547,160.473617,155.027859,159.112177,121954600
2022-01-28,166.830307,166.8499,159.455024,162.305237,179935700
2022-01-31,171.188873,171.404354,166.027149,166.663803,115541600
2022-02-01,171.022369,171.247639,168.769623,170.434691,86213900
2022-02-02,172.227081,172.266268,169.768659,171.159481,84914300
2022-02-03,169.347519,172.618905,168.583546,170.895057,89418100
2022-02-04,169.06311,170.740116,167.386104,168.366806,82465400
2022-02-07,168.347198,170.592998,167.650894,169.524037,77251200
2022-02-08,171.456024,171.965993,168.12163,168.415844,74829200
2022-02-09,172.878036,173.240891,171.524664,172.652479,71285000
2022-02-10,168.798309,172.093466,168.239317,170.77933,90865900
2022-02-11,165.385483,169.739799,164.797056,169.004273,98670700
2022-02-14,165.62085,166.307338,163.345615,164.139981,86185500
2022-02-15,169.455383,169.612299,166.964408,167.670515,62527400
2022-02-16,169.220016,169.994764,166.768263,168.533529,61177400
2022-02-17,165.62085,168.592374,165.218758,167.729352,69589300
2022-02-18,164.07132,167.248782,162.982741,166.542691,82772700
2022-02-22,161.148849,163.473107,159.020714,161.796101,91162800
2022-02-23,156.980896,162.943548,156.667064,162.345319,90009200
2022-02-24,159.59935,159.707228,149.066612,149.63542,141147500
2022-02-25,161.668625,161.933403,157.765423,160.678107,91974200
2022-02-28,161.933365,162.227578,159.295276,159.913123,95056600
2022-03-01,160.050476,163.38487,158.844217,161.521528,83474400
2022-03-02,163.345642,164.130206,159.805309,161.217522,79724800
2022-03-03,163.021957,165.650244,162.355088,165.218733,76678400
2022-03-04,160.021027,162.3551,158.971684,161.315559,83737200
2022-03-07,156.225723,161.835336,155.970731,160.207368,96418800
2022-03-08,154.401611,159.736629,152.793262,155.754984,131148300
2022-03-09,159.805252,160.256381,156.333577,158.36362,91454900
2022-03-10,155.46077,157.294676,152.96978,157.108341,105342000
2022-03-11,151.743927,156.206121,151.51837,155.86287,96970100
2022-03-14,147.713242,151.145697,147.203288,148.527226,108732100
2022-03-15,152.096954,152.567702,147.47786,147.987814,92964300
2022-03-16,156.510117,156.912208,151.479129,154.019142,102300200
2022-03-17,157.520248,157.89292,154.587961,155.549044,75615400
2022-03-18,160.815414,161.305765,156.676853,157.412379,123511700
2022-03-21,162.18837,163.139651,159.864098,160.354448,95811400
2022-03-22,165.562012,166.150424,161.727466,162.315878,81532000
2022-03-23,166.92514,169.308237,164.414533,164.747983,98062700
2022-03-24,170.710724,170.779365,166.925215,167.758803,90131400
2022-03-25,171.348129,171.89732,169.416147,170.524344,80546200
2022-03-28,172.211182,172.338663,168.68065,168.847368,90371900
2022-03-29,175.506317,175.55534,172.936869,173.280121,100589400
2022-03-30,174.339279,176.143766,173.289922,175.104225,92633200
2022-03-31,171.24025,174.594246,171.034296,174.407911,103049300
2022-04-01,170.94603,171.505037,168.621773,170.671435,78751300
2022-04-04,174.996353,175.045391,171.073548,171.201044,76468400
2022-04-05,171.681564,174.859042,171.053916,174.074478,73401800
2022-04-06,168.513901,170.279166,166.846712,169.033671,89058800
2022-04-07,168.817963,170.01442,166.572163,167.856879,77594700
2022-04-08,166.80748,168.464867,165.934656,168.464867,76575500
2022-04-11,162.551285,165.767985,162.306109,165.454168,72246700
2022-04-12,164.424377,166.591719,163.424058,164.77743,79265200
2022-04-13,167.111511,167.73916,163.551575,164.159605,70618900
2022-04-14,162.100143,167.964749,161.854968,167.327284,75329400
2022-04-18,161.884384,163.384856,160.413332,160.756569,69023900
2022-04-19,164.169403,164.581311,160.746765,161.835344,67723800
2022-04-20,164.00267,165.620836,162.894488,165.503142,67929800
2022-04-21,163.208313,168.219697,162.708161,165.650265,87227800
2022-04-22,158.667648,164.630314,158.383252,163.247536,84882400
2022-04-25,159.736618,160.021015,155.40192,158.010574,96046400
2022-04-26,153.773972,159.20705,153.695514,159.118791,95623200
2022-04-27,153.548431,156.706276,152.381394,152.901165,88063200
2022-04-28,160.481995,161.345017,155.862884,156.176716,130216800
2022-04-29,154.607559,162.992559,154.215285,158.7167,131747600
2022-05-02,154.91156,155.176339,150.312069,153.685684,123055300
2022-05-03,156.402206,157.60848,153.303202,155.097872,88966500
2022-05-04,162.816055,163.26717,156.186504,156.588595,108256500
2022-05-05,153.744537,160.913461,151.959654,160.687904,130525300
2022-05-06,154.471313,156.592744,151.426667,153.223989,116124600
2022-05-09,149.344513,153.047193,148.7847,152.163256,131577900
2022-05-10,151.750778,153.940966,150.198992,152.742751,115366700
2022-05-11,143.88382,152.673988,143.206139,150.758814,142689800
2022-05-12,140.014221,143.589219,136.321371,140.220478,182602000
2022-05-13,144.482956,145.455282,140.554387,142.007953,113990900
2022-05-16,142.940964,144.885616,141.60525,142.950795,86643800
2022-05-17,146.574921,147.095455,144.060624,146.201702,78336300
2022-05-18,138.305267,144.728471,137.401683,144.227583,109742900
2022-05-19,134.897263,139.130294,134.160656,137.382082,136095600
2022-05-20,135.132965,138.187428,130.2419,136.606179,137426100
2022-05-23,140.554367,140.701682,135.191864,135.329364,117726300
2022-05-24,137.8535,139.43475,134.87761,138.295461,104132700
2022-05-25,138.010635,139.257945,135.869557,135.957947,92482700
2022-05-26,141.212372,141.762369,134.69095,134.936485,90601500
2022-05-27,146.967758,147.007037,142.665971,142.793654,90978500
2022-05-31,146.182037,147.969543,144.217753,146.407941,103718400
2022-06-01,146.054382,149.030272,145.042762,147.223119,74286600
2022-06-02,148.50972,148.568646,144.237396,145.190075,72348100
2022-06-03,142.783829,145.327573,141.88026,144.276674,88570300
2022-06-06,143.530258,145.916871,142.312396,144.404364,71598400
2022-06-07,146.054382,146.339197,141.526706,141.772241,67808200
2022-06-08,145.31778,147.19366,144.826708,145.926703,53950200
2022-06-09,140.092773,145.307947,139.984737,144.453488,69473000
2022-06-10,134.681152,138.246318,134.612395,137.774894,91437900
2022-06-13,129.524918,132.785622,129.092773,130.497229,122207100
2022-06-14,130.389206,131.499032,129.132065,130.752609,84784300
2022-06-15,133.01152,134.887416,129.799926,131.891879,91533000
2022-06-16,127.737396,130.025789,126.735607,129.721327,108123900
2022-06-17,129.210602,130.703462,127.491853,127.74722,134520300
2022-06-21,133.443649,134.612401,130.939199,131.037404,81000500
2022-06-22,132.932922,135.299873,131.518636,132.38291,73409200
2022-06-23,135.800827,136.115105,133.207972,134.376724,72433800
2022-06-24,139.130264,139.3758,137.274016,137.401684,89116800
2022-06-27,139.130264,140.927586,138.452584,140.151686,70207900
2022-06-28,134.985626,140.858832,134.867774,139.591876,67083400
2022-06-29,136.743683,138.15797,134.229401,135.005302,66242400
2022-06-30,134.278473,135.899001,131.381157,134.799007,98964500
2022-07-01,136.44902,136.557057,133.237426,133.61063,71051600
2022-07-05,139.032043,139.081154,134.48472,135.309731,73353800
2022-07-06,140.367767,141.546335,138.560629,138.825812,74064300
2022-07-07,143.736511,143.932937,140.721328,140.731144,66253700
2022-07-08,144.414185,144.915087,142.410621,142.665973,64547800
2022-07-11,142.282898,144.021293,141.212367,143.068614,63141600
2022-07-12,143.255295,145.79904,142.459762,143.157075,77588800
2022-07-13,142.891861,143.834709,139.582032,140.436506,71185600
2022-07-14,145.818665,146.290089,140.691881,141.507061,78140700
2022-07-15,147.488297,148.165977,145.553475,147.105262,76259900
2022-07-18,144.443665,148.863305,144.080262,148.048125,81420900
2022-07-19,148.303482,148.529371,144.286524,145.278482,82982400
2022-07-20,150.307053,150.974917,147.684734,148.421341,64823400
2022-07-21,152.575775,152.791848,149.226667,151.740948,65086600
2022-07-22,151.338303,153.489197,150.670453,152.615091,66675400
2022-07-25,150.218643,152.271317,149.56061,151.259711,53623900
2022-07-26,148.892761,150.356143,148.107044,149.540964,55138700
2022-07-27,153.990097,154.520462,149.442788,149.855286,78620700
2022-07-28,154.540085,154.824899,151.652584,154.176682,81378700
2022-07-29,159.60791,160.70792,156.651668,158.3606,101786900
2022-08-01,158.625809,160.668667,158.016885,158.134738,67829400
2022-08-02,157.152557,159.509707,156.779354,157.240962,59907000
2022-08-03,163.163284,163.615061,157.879355,157.967744,82507500
2022-08-04,162.848999,164.20436,161.493638,163.045424,55474100
2022-08-05,162.622787,163.114541,160.311541,160.518084,56697000
2022-08-08,162.150726,165.042238,161.491779,163.625986,60276900
2022-08-09,162.199905,163.08507,160.557451,161.314755,63135500
2022-08-10,166.448639,166.546981,164.147222,164.914356,70170500
2022-08-11,165.711044,168.169811,165.415989,167.255142,57149200
2022-08-12,169.261444,169.330282,166.605965,167.019051,68039400
2022-08-15,170.333481,170.530179,168.523833,168.691027,54091700
2022-08-16,170.176117,170.844909,168.828718,169.93024,56377100
2022-08-17,171.671051,173.244652,169.723712,169.920411,79542000
2022-08-18,171.277634,172.015263,170.264623,170.884237,62290100
2022-08-19,168.691025,170.87441,168.484482,170.176114,70346300
2022-08-22,164.806198,167.058421,164.383283,166.891227,69026800
2022-08-23,164.471771,165.927372,163.901336,164.324251,54147100
2022-08-24,164.766815,165.337251,163.507928,164.560287,53841500
2022-08-25,167.225616,167.333803,165.573333,165.996233,51218200
2022-08-26,160.921341,168.228803,160.862333,167.756724,78961000
2022-08-29,158.718262,160.213181,157.183994,158.492044,73314000
2022-08-30,156.289001,159.878794,155.118626,159.455893,77906200
2022-08-31,154.626892,157.931475,154.54821,157.665924,87991100
2022-09-01,155.35466,155.807065,152.118916,154.056425,74229900
2022-09-02,153.240143,157.7151,152.414001,157.115161,76957800
2022-09-06,151.981232,154.499005,151.15509,153.889236,73714800
2022-09-07,153.387711,154.085992,151.076464,152.266514,87449600
2022-09-08,151.912399,153.781055,150.161744,152.089423,84923800
2022-09-09,154.77446,155.21705,152.197677,152.905803,68028800
2022-09-12,160.734436,161.550748,156.672565,156.957775,104956000
2022-09-13,151.302643,157.892134,150.840394,157.26269,122656600
2022-09-14,152.748413,154.508898,151.076455,152.236985,87965400
2022-09-15,149.856888,152.679562,148.883226,152.099282,90481100
2022-09-16,148.214417,148.853705,145.922845,148.716014,162278800
2022-09-19,151.932083,152.010765,146.640828,146.847356,81474200
2022-09-20,154.312164,155.47271,150.555177,150.869892,107689800
2022-09-21,151.184601,156.121807,151.066585,154.744889,101696800
2022-09-22,150.22081,151.922272,148.420991,149.866747,86652500
2022-09-23,147.948898,148.971754,146.109746,148.696373,96029900
2022-09-26,148.283264,151.233783,147.171897,147.191571,93339400
2022-09-27,149.256927,152.168113,147.476783,150.220775,84442700
2022-09-28,147.368622,148.15543,142.451089,145.20491,146691400
2022-09-29,140.129959,144.300031,138.359645,143.690262,128138200
2022-09-30,135.920593,140.739784,135.723895,138.949795,124925300
2022-10-03,140.100464,140.710248,135.418979,135.930407,114311700
2022-10-04,143.690292,143.808308,141.880629,142.637933,87830100
2022-10-05,143.985336,144.949183,140.65125,141.69378,79471000
2022-10-06,143.031342,145.106541,142.824814,143.405079,68402200
2022-10-07,137.779404,140.739767,137.14996,140.188991,85925600
2022-10-10,138.103958,139.549714,136.28448,138.103958,74899000
2022-10-11,136.687744,139.018665,135.940285,137.592568,77033700
2022-10-12,136.058289,138.044976,135.881265,136.835267,70433700
2022-10-13,140.631592,141.221687,132.153756,132.76354,113224000
2022-10-14,136.097626,142.136355,135.910757,141.929812,88598000
2022-10-17,140.061142,140.54305,137.956439,138.743247,85250900
2022-10-18,141.379044,144.280384,138.290834,143.09035,99136600
2022-10-19,141.487244,142.559262,139.166168,139.353036,61758300
2022-10-20,141.024979,143.483745,140.297179,140.661086,64522000
2022-10-21,144.841003,145.411439,140.297193,140.513566,86548600
2022-10-24,146.985031,147.752165,143.591937,144.762312,75981900
2022-10-25,149.827377,149.974912,146.896532,147.614488,74732300
2022-10-26,146.886688,149.483145,145.598282,148.470134,88194300
2022-10-27,142.411743,146.591646,141.752796,145.627814,109180200
2022-10-28,153.17128,154.902246,145.381912,145.755634,164762400
2022-10-31,150.810867,151.696032,149.41429,150.633843,97943200
2022-11-01,148.165237,152.886071,146.670318,152.522179,80379300
2022-11-02,142.63797,149.660207,142.608466,146.493314,93604600
2022-11-03,136.589355,140.444698,136.461495,139.716898,97918500
2022-11-04,136.323395,140.54963,132.382843,139.978248,140814800
2022-11-07,136.855347,137.081924,133.653649,135.07225,83374600
2022-11-08,137.426758,139.328067,135.446636,138.323237,89908500
2022-11-09,132.865555,136.49087,132.589717,136.44161,74917800
2022-11-10,144.687195,144.687195,137.426733,139.140879,118854000
2022-11-11,147.475159,147.780549,142.224371,143.652833,93979700
2022-11-14,146.076248,148.046524,145.238875,146.755996,73374100
2022-11-15,147.810135,151.307379,146.352135,149.957744,89868300
2022-11-16,146.57869,147.642641,145.100982,146.913648,64218300
2022-11-17,148.47998,149.22868,143.977893,144.253731,80389400
2022-11-18,149.04155,150.430598,147.741175,150.046395,74829600
2022-11-21,145.810272,148.135199,145.524589,147.928328,58724100
2022-11-22,147.948029,148.184467,144.74633,145.928508,51804100
2022-11-23,148.824799,149.573498,147.120499,147.228865,58301400
2022-11-25,145.908783,146.667343,144.933491,146.105808,35195900
2022-11-28,142.076599,144.460631,141.249087,142.982924,69246000
2022-11-29,139.07193,142.657832,138.264125,142.145556,83763800
2022-11-30,145.829971,146.509719,138.461144,139.298502,111380900
2022-12-01,146.105835,146.913655,144.431103,146.00733,71250400
2022-12-02,145.613251,145.800429,143.485349,143.790754,65447400
2022-12-05,144.450806,148.677042,143.603586,145.573863,68826400
2022-12-06,140.786057,145.110811,139.810765,144.884234,64727200
2022-12-07,138.845367,141.239246,137.919335,140.07679,69721100
2022-12-08,140.529892,141.386972,139.002941,140.244209,62128300
2022-12-09,140.047226,143.40655,138.805942,140.224544,76097000
2022-12-12,142.34259,142.352436,138.963559,140.579185,70462700
2022-12-13,143.308014,147.741135,142.096298,147.278119,93886200
2022-12-14,141.081619,144.480342,139.062083,143.189814,82291200
2022-12-15,134.471329,139.692563,134.008313,139.012815,98931900
2022-12-16,132.510925,135.604258,131.742519,134.658534,160156900
2022-12-19,130.40271,133.190652,129.368327,133.101993,79592600
2022-12-20,130.33374,131.269618,127.959554,129.437261,77432800
2022-12-21,133.436935,134.776724,130.777066,131.003643,85928000
2022-12-22,130.264786,132.560159,128.363477,132.353288,77852100
2022-12-23,129.900299,130.451974,127.713291,128.974267,63814900
2022-12-27,128.097488,129.456984,126.80696,129.427431,69007800
2022-12-28,124.166794,129.08263,123.999322,127.742842,85438400
2022-12-29,127.683731,128.540796,125.831674,126.087805,75703700
2022-12-30,127.998962,128.018669,125.536125,126.501564,77034200
2023-01-03,123.211197,128.954545,122.324571,128.343764,112117500
2023-01-04,124.482033,126.747853,123.221057,125.004155,89113600
2023-01-05,123.161942,125.871071,122.905811,125.240583,80962700
2023-01-06,127.693565,128.353606,123.033867,124.137225,87754700
2023-01-09,128.215714,131.427273,127.959583,128.530965,70790800
2023-01-10,128.787109,129.309231,126.215898,128.324093,63896200
2023-01-11,131.506073,131.525765,128.521106,129.299359,69458900
2023-01-12,131.427261,132.26462,129.486538,131.890277,71379600
2023-01-13,132.757202,132.914828,129.703283,130.067779,57809700
2023-01-17,133.919678,135.249605,132.13658,132.826174,63646600
2023-01-18,133.200516,136.549979,133.023183,134.786589,69672800
2023-01-19,133.259613,134.225044,131.781906,132.087296,58280400
2023-01-20,135.820938,135.968718,132.225191,133.269435,80223600
2023-01-23,139.012833,141.189994,135.850533,136.067264,81760300
2023-01-24,140.411713,141.032354,138.214859,138.224705,66435100
2023-01-25,139.751678,140.313199,136.747005,138.796093,65799300
2023-01-26,141.820465,142.106148,139.791068,141.042198,54105100
2023-01-27,143.761185,145.041867,140.95355,141.032363,70555800
2023-01-30,140.87471,143.386815,140.726945,142.805587,64015300
2023-01-31,142.145554,142.194813,140.165432,140.579188,65874500
2023-02-01,143.268616,144.431086,139.219713,141.830323,77663600
2023-02-02,148.578506,148.933142,145.967882,146.687028,118339000
2023-02-03,152.203781,155.040983,145.632914,145.829939,154357300
2023-02-06,149.474976,150.824625,148.539098,150.302503,69858300
2023-02-07,152.351578,152.92296,148.40118,148.40118,83322600
2023-02-08,149.66214,152.28261,148.923287,151.593017,64120100
2023-02-09,148.627762,152.036346,148.184453,151.494517,56007100
2023-02-10,148.992813,149.318407,147.22673,147.46353,57450700
2023-02-13,151.794907,152.199418,148.904037,148.933635,62199000
2023-02-14,151.153564,151.715958,148.844826,150.087989,61707600
2023-02-15,153.255112,153.422839,150.837842,151.064765,65573800
2023-02-16,151.656738,154.241735,151.301547,151.459398,68167900
2023-02-17,150.512283,150.956269,148.834994,150.314958,59144100
2023-02-21,146.496613,149.27895,146.427555,148.193638,58867200
2023-02-22,146.920883,147.946984,145.194259,146.881409,51011300
2023-02-23,147.404327,148.331773,145.273192,148.085113,48394200
2023-02-24,144.750275,145.223859,143.773494,145.144925,55469600
2023-02-27,145.944092,147.177394,145.480369,145.736905,44998500
2023-02-28,145.440918,147.088608,144.868664,145.085726,50547000
2023-03-01,143.368958,145.263308,143.072962,144.868658,55479000
2023-03-02,143.960983,144.7503,141.977823,142.451422,52238100
2023-03-03,149.012573,149.091506,145.362,146.062508,70732300
2023-03-06,151.775162,154.212169,151.410109,151.735688,87558000
2023-03-07,149.574951,151.972484,149.111228,151.646891,56182000
2023-03-08,150.827972,151.419964,149.801871,150.768776,47204800
2023-03-09,148.578415,152.475648,148.223223,151.508743,53833600
2023-03-10,146.516342,148.923751,145.638231,148.203507,68572400
2023-03-13,148.460022,151.094354,145.727019,145.835551,84457100
2023-03-14,150.551743,151.35092,148.095013,149.259244,73695900
2023-03-15,150.946381,151.202902,147.917382,149.170422,77167900
2023-03-16,153.768188,154.370041,149.614418,150.127476,76161100
2023-03-17,152.929535,154.646298,152.219151,153.99511,98944600
2023-03-20,155.29744,155.711842,152.090853,152.998577,73641400
2023-03-21,157.15239,157.270782,154.448984,155.218579,73938300
2023-03-22,155.721741,159.974166,155.702004,157.172106,75701800
2023-03-23,156.807022,159.392035,155.573719,156.708367,67622100
2023-03-24,158.10939,158.198184,155.741455,156.737958,59196500
2023-03-27,156.165695,158.622439,155.761168,157.803525,52390300
2023-03-28,155.544098,156.372889,153.896408,155.859831,45992200
2023-03-29,158.622437,158.898695,157.221407,157.241129,51305700
2023-03-30,160.191238,160.29977,159.115802,159.372324,49501700
2023-03-31,162.697266,162.795936,159.747216,160.270135,68749800
2023-04-03,163.950317,164.06871,162.026368,162.075703,56976200
2023-04-04,163.417526,164.611355,162.904468,164.37457,46278300
2023-04-05,161.57251,162.845287,159.6387,162.53943,51511700
2023-04-06,162.460495,162.756491,159.836023,160.260272,45390100
2023-04-10,159.865616,159.865616,157.941667,159.263764,47716900
2023-04-11,158.652039,160.191198,158.365904,160.181337,47644200
2023-04-12,157.961426,159.895236,157.645693,159.06646,50133100
2023-04-13,163.348465,163.585264,159.263767,159.470969,68445600
2023-04-14,163.003159,164.098332,161.631727,162.39143,49386500
2023-04-17,163.022858,163.180724,161.83889,162.884728,41516200
2023-04-18,164.246307,165.173753,163.437254,163.881255,49923000
2023-04-19,165.390869,165.913788,163.328775,163.585312,47720200
2023-04-20,164.423904,165.627609,163.348468,163.871387,52456400
2023-04-21,162.815689,164.22658,162.29277,162.845287,58337300
2023-04-24,163.121552,163.387949,161.700784,162.795958,41949600
2023-04-25,161.582367,164.088431,161.542893,162.983397,48714100
2023-04-26,161.57251,163.07221,160.625342,160.881863,45498800
2023-04-27,166.160416,166.308406,162.983427,162.983427,64902300
2023-04-28,167.413422,167.581164,165.637478,166.23933,55275900
2023-05-01,167.324631,168.173144,166.387324,167.018774,52472900
2023-05-02,166.28862,168.074454,165.301978,167.817918,48425700
2023-05-03,165.213196,168.636845,164.927076,167.235815,65136000
2023-05-04,163.575378,164.808681,162.115152,162.687407,81235400
2023-05-05,171.251465,171.971709,168.478988,168.696051,113453200
2023-05-08,171.182388,171.527719,169.810957,170.176009,55962800
2023-05-09,169.47551,171.221855,169.307782,170.73841,45326900
2023-05-10,171.241608,171.705331,169.603778,170.708828,53724500
2023-05-11,171.429062,172.257838,169.870166,171.527732,49514700
2023-05-12,170.500366,171.972487,168.949188,171.537761,45533100
2023-05-15,170.006348,171.132675,169.413538,171.083272,37266700
2023-05-16,170.006348,171.063507,169.739582,169.927305,42110300
2023-05-17,170.618896,170.856008,168.376117,169.650654,57951600
2023-05-18,172.950607,173.138331,170.510229,170.92519,65496700
2023-05-19,173.059265,174.274509,172.841902,174.274509,55809500
2023-05-22,172.110794,172.614687,171.369789,171.893431,43570900
2023-05-23,169.502457,171.300636,169.225816,171.053635,50747300
2023-05-24,169.779083,170.352129,168.474922,169.038078,45143500
2023-05-25,170.915314,171.814389,169.630902,170.342268,56058300
2023-05-26,173.326019,173.661953,171.033851,171.241339,54835000
2023-05-30,175.173615,176.843348,174.452374,174.837696,55964400
2023-05-31,175.124191,177.199011,174.640063,175.203234,99625300
2023-06-01,177.930145,177.959784,174.80804,175.56881,68901800
2023-06-02,178.779831,179.599878,177.110097,178.858873,61996900
2023-06-05,177.42627,182.731861,175.904731,180.439693,121946500
2023-06-06,177.060699,177.959774,175.302034,177.811579,64848400
2023-06-07,175.687378,179.03672,175.193375,176.299937,61944600
2023-06-08,178.404404,178.671155,175.331702,175.766412,50214900
2023-06-09,178.789719,180.044476,178.463675,179.323236,48900000
2023-06-12,181.585754,181.684561,178.799583,179.095988,54274900
2023-06-13,181.111526,181.941449,180.251965,180.607648,54929100
2023-06-14,181.743851,182.178576,179.837005,181.170805,57462900
2023-06-15,183.77916,184.283053,181.575908,181.753757,65433200
2023-06-16,182.702209,184.747391,182.060011,184.490499,101256200
2023-06-20,182.791138,183.868077,182.198343,182.198343,49799100
2023-06-21,181.753769,183.186376,180.400189,182.682483,49515700
2023-06-22,184.757294,184.806697,181.467229,181.536397,51245300
2023-06-23,184.441101,185.310552,182.791132,183.324664,53117000
2023-06-26,183.048035,185.794693,183.008506,184.589323,48088700
2023-06-27,185.804565,186.130609,183.44323,183.660592,50730800
2023-06-28,186.980301,187.622499,185.350096,185.676125,51216800
2023-06-29,187.316193,187.790447,186.673994,186.812315,46347300
2023-06-30,191.643692,192.14757,188.966187,189.33176,85213200
2023-07-03,190.151779,191.554747,189.460162,191.45594,31458200
2023-07-05,189.035355,190.66556,188.333863,189.272482,46920300
2023-07-06,189.509552,189.71704,186.930854,187.563178,45094300
2023-07-07,188.393112,190.359251,187.958402,189.114368,46815000
2023-07-10,186.347977,187.711431,184.796799,186.990175,59922200
2023-07-11,185.824356,187.029726,184.36211,186.891405,46638100
2023-07-12,187.494095,189.400941,186.209683,187.405163,60750200
2023-07-13,188.254791,188.897005,187.503912,188.215278,41342300
2023-07-14,188.40303,188.887144,187.355746,187.948541,41616200
2023-07-17,191.663452,191.989496,189.509589,189.598506,50520200
2023-07-18,191.406555,191.999365,190.112269,191.031123,48288200
2023-07-19,192.760132,195.852583,190.339503,190.784118,80507300
2023-07-20,190.813766,194.113706,190.191317,192.750251,59581200
2023-07-21,189.638031,192.63169,188.93654,191.772129,71951700
2023-07-24,190.438324,192.572422,189.944321,191.090412,45377800
2023-07-25,191.297897,192.10807,190.606296,191.011382,37283200
2023-07-26,192.167343,193.29367,191.001502,191.347296,47471900
2023-07-27,190.902664,194.834927,190.240701,193.669086,47460200
2023-07-28,193.481369,194.271777,191.811635,192.335278,48291400
2023-07-31,194.093933,194.133462,192.918203,193.708611,38824100
2023-08-01,193.264023,194.370586,192.937979,193.886472,35175100
2023-08-02,190.270355,192.839164,189.549114,192.700844,50389300
2023-08-03,188.877243,190.062848,188.403004,189.272455,61235200
2023-08-04,179.807373,185.132729,179.738205,183.295036,115956800
2023-08-07,176.705002,180.933669,175.222992,179.945663,97576100
2023-08-08,177.643616,178.10798,175.45024,177.534934,67823000
2023-08-09,176.052933,178.760062,174.887077,178.700784,60378500
2023-08-10,175.835587,178.582244,175.470029,177.327472,54686900
2023-08-11,175.894928,176.716083,174.668155,175.429952,52036700
2023-08-14,177.547134,177.774679,175.420042,176.073011,43675600
2023-08-15,175.558548,177.566909,175.162818,176.973313,43622600
2023-08-16,174.687943,176.63693,174.618681,175.241971,46964900
2023-08-17,172.14534,175.617922,171.630878,175.25187,66062900
2023-08-18,172.630112,173.23361,170.12708,170.463453,61172200
2023-08-21,173.965698,174.252616,171.888091,173.203917,46311900
2023-08-22,175.340897,175.786097,174.371347,175.17271,42038900
2023-08-23,179.189438,179.614862,176.429183,176.61716,52722800
2023-08-24,174.499985,179.169676,174.133918,178.744251,54945800
2023-08-25,176.706192,177.24043,173.945937,175.489307,51449600
2023-08-28,178.269348,178.665078,176.64683,178.170408,43820700
2023-08-29,182.157471,182.929156,177.58672,177.784585,53003900
2023-08-30,185.649826,185.847706,182.770855,182.96872,60813900
2023-08-31,185.867493,187.104169,185.48165,185.837814,60794500
2023-09-01,187.440567,187.895655,186.273137,187.470246,45766500
2023-09-05,187.677994,187.955008,185.610275,186.273131,45280000
2023-09-06,180.960342,186.83703,179.535689,186.391814,81755800
2023-09-07,175.667404,176.310485,171.690249,173.312768,112488800
2023-09-08,176.280777,178.318832,175.894935,176.448978,65551300
2023-09-11,177.448196,178.378179,175.449723,178.150635,58953100
2023-09-12,174.420807,178.209984,172.956587,177.576807,90370200
2023-09-13,172.353088,175.410148,172.125529,174.62856,84267900
2023-09-14,173.866806,174.222969,171.729826,172.145347,60895800
2023-09-15,173.144577,174.618701,171.967274,174.59891,109259500
2023-09-18,176.073013,177.467988,174.292197,174.59889,67257600
2023-09-19,177.161301,177.715329,175.241977,175.627819,51826900
2023-09-20,173.619461,177.784578,173.530409,177.349266,58436200
2023-09-21,172.076065,174.420813,172.006819,172.689467,63149100
2023-09-22,172.92691,175.19251,172.194808,172.808194,56725400
2023-09-25,174.203156,175.083668,172.29372,172.34319,46172700
2023-09-26,170.127075,173.33253,169.83027,172.956591,64588900
2023-09-27,168.613358,171.195538,167.248077,170.780016,66921800
2023-09-28,168.870605,170.196319,165.833322,167.534989,56294400
2023-09-29,169.385086,171.225261,168.524349,170.18645,51861100
2023-10-02,171.897995,172.442136,169.108046,169.394964,52164500
2023-10-03,170.562393,171.779294,168.999248,170.423886,49594600
2023-10-04,171.808975,172.353116,169.147645,169.266361,53020300
2023-10-05,173.045624,173.579861,170.839383,171.937552,48527900
2023-10-06,175.59816,176.09283,171.334087,171.947489,57266700
2023-10-09,177.082153,177.141511,173.926153,174.925382,42390800
2023-10-10,176.488525,177.804351,176.053213,176.201623,43698000
2023-10-11,177.883514,177.932984,175.706967,176.300563,47551100
2023-10-12,178.783813,180.396429,177.131601,178.150636,56743100
2023-10-13,176.943619,179.990775,176.24118,179.486217,51427100
2023-10-16,176.815018,177.171181,174.628568,174.866015,52517000
2023-10-17,175.261734,176.518201,172.936792,174.767064,57549400
2023-10-18,173.965698,175.687157,173.243484,173.708475,54764400
2023-10-19,173.589783,175.944404,173.322656,174.163587,59302900
2023-10-20,171.037292,173.550212,170.799845,173.441384,64244000
2023-10-23,171.155991,172.15522,168.118707,169.088272,55980100
2023-10-24,171.591293,171.818838,169.622499,171.205451,43816600
2023-10-25,169.27626,171.21536,168.831045,170.047945,57157000
2023-10-26,165.111115,169.553261,163.904117,168.554017,70625300
2023-10-27,166.426941,167.159059,165.051758,165.130907,58499100
2023-10-30,168.474869,169.345494,167.070006,167.218417,51131000
2023-10-31,168.949768,169.078372,166.110349,167.544906,44846000
2023-11-01,172.115662,172.372885,168.306693,169.177318,56934900
2023-11-02,175.677307,175.88506,173.589797,173.649155,77334800
2023-11-03,174.767075,174.935276,171.502261,172.382774,79829200
2023-11-06,177.31958,177.517445,174.331781,174.499967,63841300
2023-11-07,179.881973,180.49536,177.062346,177.270099,70530000
2023-11-08,180.940582,181.494611,179.654436,180.406345,49340300
2023-11-09,180.465714,182.157478,179.872103,181.009854,53763500
2023-11-10,184.656113,184.824536,181.812968,182.248854,66133400
2023-11-13,183.071075,184.289564,182.486599,184.081537,43627500
2023-11-14,185.686386,186.350116,184.557052,185.943948,60108400
2023-11-15,186.251038,187.727103,186.023194,186.092546,53790500
2023-11-16,187.935165,189.173471,186.88507,187.796476,54412900
2023-11-17,187.915344,188.598891,186.805827,188.470103,50922700
2023-11-20,189.658875,190.114578,188.103571,188.113472,46505100
2023-11-21,188.856461,189.728233,187.964887,189.619261,38134500
2023-11-22,189.520203,191.125042,189.044697,189.698527,39617700
2023-11-24,188.192734,189.114026,187.479469,189.084308,24048300
2023-11-27,188.014389,188.886161,187.132716,188.143178,40552600
2023-11-28,188.618698,189.292344,187.628054,188.004503,38415400
2023-11-29,187.598328,190.292882,187.202076,189.114012,43014200
2023-11-30,188.172882,188.539431,186.429354,188.063911,48794400
2023-12-01,189.450851,189.76785,187.459646,188.549361,45704800
2023-12-04,187.657761,188.27197,185.696289,188.202618,43389500
2023-12-05,191.610443,192.58127,188.40075,188.430483,66628400
2023-12-06,190.520767,192.937927,190.312725,192.63083,41089700
2023-12-07,192.452515,193.175681,191.778869,191.818503,47477700
2023-12-08,193.879028,194.156408,191.858105,192.383146,53406400
2023-12-11,191.37265,191.679763,189.629122,191.303313,60943700
2023-12-12,192.888367,192.898268,189.926335,191.273612,52696900
2023-12-13,196.107971,196.14759,193.027067,193.264811,70404200
2023-12-14,196.256561,197.752429,194.324808,196.167407,66831600
2023-12-15,195.721619,196.54384,195.156944,195.681984,128538400
2023-12-18,194.057327,194.79041,192.571361,194.255453,55751900
2023-12-19,195.097488,195.107389,194.057309,194.324787,40714100
2023-12-20,193.007248,195.830575,193.007248,195.057874,52242800
2023-12-21,192.858673,195.236229,191.68972,194.265402,46482500
2023-12-22,191.788742,193.581806,191.164631,193.353947,37149600
2023-12-26,191.243896,192.076034,191.025954,191.798655,28919300
2023-12-27,191.342957,191.689688,189.302232,190.689143,48087700
2023-12-28,191.768951,192.838849,191.362784,192.32371,34049900
2023-12-29,190.72876,192.58126,189.936241,192.085938,42672100
2024-01-02,183.903244,186.677052,182.169616,185.399112,82488700
2024-01-03,182.52626,184.141016,181.713925,182.496542,58414500
2024-01-04,180.20813,181.377083,179.187767,180.445875,71983600
2024-01-05,179.48494,181.050159,178.484394,180.287374,62379700
2024-01-08,183.823975,183.863609,179.801961,180.386437,59144500
2024-01-09,183.407883,183.417784,181.020426,182.199295,42841800
2024-01-10,184.448074,184.656101,182.199307,182.625292,46792900
2024-01-11,183.853668,185.300016,181.902098,184.794777,49128400
2024-01-12,184.180588,184.992923,183.457422,184.319277,40477800
2024-01-16,181.912018,182.536113,179.237266,180.455769,65603000
2024-01-17,180.970917,181.218578,178.613193,179.57412,47317400
2024-01-18,186.865265,187.370488,184.091457,184.34902,78005800
2024-01-19,189.767853,190.154204,187.053497,187.55872,68903000
2024-01-22,192.07605,193.50258,190.461295,190.500929,60133900
2024-01-23,193.353973,193.918648,192.016612,193.195482,42355600
2024-01-24,192.680328,194.542745,192.521822,193.591719,53631300
2024-01-25,192.353409,194.433768,191.303328,193.393588,54822100
2024-01-26,190.619812,192.937917,190.144307,192.45251,44594000
2024-01-29,189.936249,190.401853,187.806369,190.213628,47145600
2024-01-30,186.280762,190.005594,185.716102,189.153639,55859400
2024-01-31,182.674835,185.349587,182.625315,185.290136,55467800
2024-02-01,185.111801,185.200956,182.100249,182.268657,64885400
2024-02-02,184.111252,185.577401,177.572993,178.177287,102551700
2024-02-05,185.924149,187.479468,184.101366,186.389753,69668800
2024-02-06,187.528976,187.538877,185.022647,185.111802,43490800
2024-02-07,187.637955,189.262611,186.845436,188.856443,53439000
2024-02-08,186.558151,187.766723,185.597225,187.618133,40962000
2024-02-09,187.321915,188.45269,186.478786,187.123521,45155200
2024-02-12,185.635666,187.143371,185.278578,186.895394,41781900
2024-02-13,183.542755,184.703301,182.025136,184.266859,56529500
2024-02-14,182.659943,184.028781,180.963788,183.820489,54630500
2024-02-15,182.372314,182.997222,179.882629,182.064825,65434500
2024-02-16,180.834824,183.354279,180.200003,181.935843,49752500
2024-02-20,180.090927,180.953883,178.543552,180.319062,53665600
2024-02-21,180.844742,181.410122,179.19817,180.467812,41371400
2024-02-22,182.878159,183.463396,180.983625,181.995361,52292200
2024-02-23,181.043152,183.54275,180.75549,183.512994,45119700
2024-02-26,179.694153,181.281197,179.18827,180.765416,40867400
2024-02-27,181.152267,182.431823,178.107101,179.634649,54318900
2024-02-28,179.952026,181.638268,178.672471,181.033203,48953900
2024-02-29,179.28746,181.092741,178.077331,179.803257,136682600
2024-03-01,178.206268,179.069224,175.944718,178.097158,73563100
2024-03-04,173.683212,175.468636,172.383799,174.724704,81510100
2024-03-05,168.743484,170.647947,168.24753,169.378305,95132400
2024-03-06,167.751541,169.854397,167.315099,169.675846,68587700
2024-03-07,167.632553,169.348551,167.126685,167.781333,71765100
2024-03-08,169.348541,172.294511,167.573032,167.632544,76267000
2024-03-11,171.352203,172.969019,170.65787,171.540668,60139500
2024-03-12,171.828293,172.621823,169.626255,171.748938,59825400
2024-03-13,169.745316,171.788645,169.378299,171.372045,52488700
2024-03-14,171.600174,172.899572,170.657864,171.510906,72913500
2024-03-15,171.223236,171.223236,168.912088,169.784972,121752700
2024-03-18,172.314331,176.272051,172.115952,174.149368,75604200
2024-03-19,174.655258,175.180968,171.629934,172.929332,55215200
2024-03-20,177.224289,177.224289,173.673255,174.298162,53423100
2024-03-21,169.983353,176.053843,169.457642,175.617401,106181300
2024-03-22,170.886017,171.649791,168.683978,170.37022,71160100
2024-03-25,169.467575,170.548752,168.078894,169.189842,54288300
2024-03-26,168.336807,170.032962,168.207854,168.624454,57388400
2024-03-27,171.907669,172.195331,168.733565,169.03114,60273300
2024-03-28,170.092438,170.836369,169.130285,170.360257,65672700
2024-04-01,168.654221,169.86435,168.108668,169.804838,46240500
2024-04-02,167.473831,167.969785,166.868766,167.711895,49329500
2024-04-03,168.277267,169.298932,167.215933,167.424226,47691700
2024-04-04,167.45401,170.528917,167.45401,168.912102,53704400
2024-04-05,168.20784,169.011283,167.582933,168.217754,42104800
2024-04-08,167.086975,167.830906,166.878683,167.662284,37425500
2024-04-09,168.297104,168.70379,166.987793,167.334951,42373800
2024-04-10,166.42244,167.721838,165.757863,167.434191,49709300
2024-04-11,173.623642,174.040257,166.799322,166.977859,91070300
2024-04-12,175.12146,176.916812,172.800398,172.849981,101670900
2024-04-15,171.292694,175.200816,171.104229,173.941088,73531800
2024-04-16,168.009476,172.354025,166.908457,170.360294,73711200
2024-04-17,166.640625,169.269176,166.640625,168.237598,50901200
2024-04-18,165.688385,167.275445,165.20236,166.67038,43122900
2024-04-19,163.664917,165.053583,162.752363,164.865133,68149400
2024-04-22,164.498093,165.906601,163.436758,164.18069,48116400
2024-04-23,165.54953,165.698325,163.585555,164.012084,49537800
2024-04-24,167.65239,167.930123,164.865129,165.192445,48251800
2024-04-25,168.515335,169.22951,166.789409,168.158247,50558300
2024-04-26,167.930115,169.953601,167.811075,168.505424,44838400
2024-04-29,172.09613,174.605658,171.699373,171.967177,68169400
2024-04-30,168.951767,173.574064,168.624435,171.927492,65934800
2024-05-01,167.930115,171.312526,167.74165,168.207848,50383100
2024-05-02,171.629929,172.016772,169.507245,171.114132,94214900
2024-05-03,181.896179,185.486883,181.182004,185.139709,163224100
2024-05-06,180.239685,182.709527,178.960115,180.874506,78569700
2024-05-07,180.924103,183.403874,179.852855,181.96561,77305800
2024-05-08,181.261368,181.588699,179.981797,181.370478,45057100
2024-05-09,183.076569,183.165837,180.636467,181.082823,48983000
2024-05-10,181.815125,183.841356,180.901333,183.652635,50759500
2024-05-13,185.023315,185.837791,183.37451,184.188986,72044800
2024-05-14,186.165558,187.029699,185.033249,186.24502,52393600
2024-05-15,188.440125,189.363843,186.105972,186.642337,70400000
2024-05-16,188.559296,189.810805,188.380517,189.18505,52845200
2024-05-17,188.589111,189.522772,187.903764,188.231539,41282900
2024-05-20,189.751221,190.625289,187.734916,188.052765,44361300
2024-05-21,191.052399,191.429825,189.632038,189.800889,42309400
2024-05-22,189.612167,191.519228,188.986428,190.972936,34648500
2024-05-23,185.619293,189.711494,185.37098,189.691625,51005900
2024-05-24,188.698364,189.294323,186.771449,187.546201,36327000
2024-05-28,188.708313,191.698002,187.824318,190.218048,52280100
2024-05-29,189.006287,190.953071,188.23155,188.330881,53068000
2024-05-30,189.999527,190.883522,189.343991,189.473104,49889100
2024-05-31,190.953049,191.270897,188.628838,190.148516,75158300
2024-06-03,192.721039,193.674569,191.221231,191.598657,50080500
2024-06-04,193.038895,194.002352,191.727792,193.326932,47471400
2024-06-05,194.548615,195.571665,193.555361,194.081784,54156800
2024-06-06,193.168015,195.174392,192.860108,194.369858,41181800
2024-06-07,195.561768,195.611433,192.830319,193.336873,53103900
2024-06-10,191.817184,195.968994,190.853727,195.571683,97010200
2024-06-11,205.752533,205.762475,192.323752,192.343606,172373300
2024-06-12,211.632629,218.71452,205.504239,205.97107,198134300
2024-06-13,212.794708,215.28777,210.172519,213.291335,97862700
2024-06-14,211.056549,213.718463,209.874574,212.407375,70122700
2024-06-17,215.208313,217.472931,211.284963,211.930572,93728300
2024-06-18,212.84436,217.155094,211.56307,216.122101,79943300
2024-06-20,208.265472,212.794723,207.441085,212.486802,86172500
2024-06-21,206.090225,210.460536,205.712784,208.970655,241805100
2024-06-24,206.73587,211.265106,205.196324,206.318706,80727000
2024-06-25,207.659622,209.954037,207.202719,207.739069,55549700
2024-06-26,211.811386,213.410525,209.218993,210.073192,66213200
2024-06-27,212.65567,214.284606,210.917476,213.241686,49772700
2024-06-28,209.199127,214.612373,208.881294,214.314394,82542700
2024-07-01,215.287766,216.042633,210.490348,210.659199,60402900
2024-07-02,218.784042,218.893301,213.648921,214.691826,58046200
2024-07-03,220.055389,220.055389,217.552386,218.515843,37369800
2024-07-05,224.813065,224.922323,220.154702,220.154702,60412400
2024-07-08,226.283127,226.312923,221.743949,225.558041,59085900
2024-07-09,227.137299,227.852443,224.842884,226.392358,48076100
2024-07-10,231.408295,231.507626,227.703462,227.753128,62627700
2024-07-11,226.034775,230.82225,224.246915,229.828996,64710600
2024-07-12,228.984741,231.07058,227.137288,227.375675,53046500
2024-07-15,232.81871,235.629621,231.51755,234.88468,62631300
2024-07-16,233.235886,234.676101,230.762678,233.414664,43234300
2024-07-17,227.335953,229.89855,225.111059,227.9021,57345900
2024-07-18,222.667664,228.885443,220.77056,228.726519,66034600
2024-07-19,222.796768,225.269976,221.773718,223.303337,49151500
2024-07-22,222.449142,226.243364,221.585001,225.478555,48201800
2024-07-23,223.49205,225.409038,221.177767,222.856368,39960300
2024-07-24,217.065704,223.283484,215.665228,222.488877,61777600
2024-07-25,216.022797,219.36013,213.172148,217.45307,51391200
2024-07-26,216.489609,218.009286,214.552752,217.224607,41601300
2024-07-29,216.767731,217.820577,214.294523,215.496367,36311800
2024-07-30,217.323959,218.843637,214.662031,217.711328,41643800
2024-07-31,220.581818,222.310085,219.141603,219.946136,50036300
2024-08-01,216.886917,222.965626,215.555961,222.856367,62501000
2024-08-02,218.376801,224.078083,216.241311,217.671584,105568600
2024-08-05,207.858261,212.059721,194.677777,197.746928,119548600
2024-08-06,205.832001,208.573391,199.713568,203.915028,69660500
2024-08-07,208.404541,212.198763,204.997672,205.504226,63516400
2024-08-08,211.870987,212.754982,207.421214,211.672339,47161100
2024-08-09,214.781235,215.317585,210.540036,210.669164,42201600
2024-08-12,216.312607,218.281522,214.393415,214.860786,38028100
2024-08-13,220.031677,220.648203,217.784316,217.784316,44155300
2024-08-14,220.479156,221.781823,218.470457,219.335598,41960600
2024-08-15,223.462372,224.088851,221.513334,223.343048,46414000
2024-08-16,224.784927,225.560561,222.39835,222.666843,44340200
2024-08-19,224.625824,224.72527,221.791768,224.456777,40687800
2024-08-20,225.242355,225.898665,224.18829,224.506506,30299000
2024-08-21,225.132965,226.704125,223.790529,225.252304,34765500
2024-08-22,223.273422,227.062097,222.646943,226.515172,43695300
2024-08-23,225.570511,226.942793,223.074563,224.397122,38677300
2024-08-26,225.908585,226.008031,222.637004,225.490937,30602200
2024-08-27,226.753845,227.569263,223.631419,224.735207,35934600
2024-08-28,225.222473,228.573608,224.416993,226.644463,38052200
2024-08-29,228.503998,231.616486,227.599102,228.812276,51906300
2024-08-30,227.71843,229.110589,226.206932,228.901772,52990800
2024-09-03,221.523285,227.718415,219.932233,227.270936,50190600
2024-09-04,219.614029,220.538817,216.262879,220.419493,43840200
2024-09-05,221.135468,224.218109,220.28028,220.389665,36615400
2024-09-06,219.584213,223.979475,218.540086,222.696686,48423000
2024-09-09,219.673706,220.031692,215.497214,219.584213,67180000
2024-09-10,218.878159,220.240487,215.51707,217.694816,51591000
2024-09-11,221.41391,221.841496,216.6706,220.220629,44587100
2024-09-12,221.523285,222.298918,218.589797,221.254792,37455600
2024-09-13,221.254776,222.786151,220.668082,222.328734,36766600
2024-09-16,215.109375,216.004332,212.722797,215.32813,59357400
2024-09-17,215.576736,215.686121,213.299559,214.542563,45519300
2024-09-18,219.454926,221.463625,216.322545,216.332499,59894900
2024-09-19,227.589142,228.533837,223.37288,223.730866,66781300
2024-09-20,226.922882,231.785515,226.346126,228.682981,318679900
2024-09-23,225.202576,228.165894,224.546266,226.067702,54146000
2024-09-24,226.097534,228.066464,224.466713,227.37037,43556100
2024-09-25,225.103119,226.017968,222.76628,223.671175,42308700
2024-09-26,226.246704,227.221215,224.148512,226.027934,36636700
2024-09-27,226.515167,228.235496,226.027919,227.181431,34026000
2024-09-30,231.69603,231.69603,228.364772,228.752588,54541900
2024-10-01,224.944031,228.364766,222.487853,228.235504,63285000
2024-10-02,225.510834,226.097528,221.771882,224.625815,32880600
2024-10-03,224.407043,225.540663,222.070204,223.880011,34044200
2024-10-04,225.530731,226.724012,222.875676,226.624566,37245100
2024-10-07,220.449326,224.42694,220.09134,223.243597,39505400
2024-10-08,224.5065,224.715316,222.000599,223.044726,31855700
2024-10-09,228.255402,228.464233,223.571769,223.969524,33591100
2024-10-10,227.758194,228.215626,225.898664,226.505251,28183500
2024-10-11,226.27655,228.126142,226.067719,228.016757,31759200
2024-10-14,230.005539,230.433125,227.320652,227.420084,39882100
2024-10-15,232.54129,236.160919,231.069562,232.302628,64751400
2024-10-16,230.482864,230.820958,228.553719,230.303879,34082200
2024-10-17,230.850784,232.541283,229.229917,232.12362,32993800
2024-10-18,233.68483,234.858219,232.700365,234.858219,46431500
2024-10-21,235.15654,235.52448,233.137902,233.137902,36254500
2024-10-22,234.540024,234.89801,231.298274,232.581048,38846600
2024-10-23,229.468552,233.824044,226.485341,232.769979,52287000
2024-10-24,229.279648,229.528249,227.131732,228.692938,31109500
2024-10-25,230.114929,231.914797,228.28523,228.454277,38802300
2024-10-28,232.093781,233.416339,231.248547,232.014242,36087100
2024-10-29,232.362289,233.018599,231.019854,231.795487,35417200
2024-10-30,228.812256,232.163391,228.265331,231.308203,47070900
2024-10-31,224.645721,228.543782,224.108735,228.056519,64370100
2024-11-01,221.662506,224.088853,219.037281,219.733361,65276700
2024-11-04,220.767532,221.543166,218.480416,219.753252,44944500
2024-11-05,222.199478,222.69668,219.902408,220.558718,28111300
2024-11-06,221.473557,224.804814,219.95212,221.364172,54561100
2024-11-07,226.206924,226.604695,223.313222,223.372883,42137700
2024-11-08,225.938141,227.630484,225.390614,226.147187,38328800
2024-11-11,223.220413,224.683796,220.502709,223.986951,42005600
2024-11-12,223.220413,224.57429,222.354335,223.53898,40398300
2024-11-13,224.106415,225.629525,221.75704,223.001412,48566200
2024-11-14,227.192459,227.839526,223.986956,224.00687,44923900
2024-11-15,223.986969,225.898323,223.26026,225.38066,47923700
2024-11-18,226.993378,228.705635,224.156203,224.235845,44633700
2024-11-19,227.252182,229.123722,225.639481,225.958032,36211800
2024-11-20,227.968948,228.894754,224.87295,227.033178,35169600
2024-11-21,227.491119,229.123735,224.693774,227.849499,42108300
2024-11-22,228.835037,229.681216,227.033189,227.033189,38168300
2024-11-25,231.821518,232.199812,228.705621,230.417878,90152800
2024-11-26,234.001678,234.509392,232.279472,232.279472,45986200
2024-11-27,233.872238,234.628826,232.757286,233.414318,33498400
2024-11-29,236.261444,236.739279,232.916572,233.752786,28481400
2024-12-02,238.511276,239.70587,236.092224,236.20173,48137100
2024-12-03,241.55748,241.666985,237.824364,238.73027,38861000
2024-12-04,241.915863,243.010916,240.163793,241.776494,44383900
2024-12-05,241.94574,243.438986,241.039848,242.891475,40033900
2024-12-06,241.746628,243.528577,240.990055,241.81632,36870600
2024-12-09,245.639038,246.126837,240.66155,240.741192,44649200
2024-12-10,246.654434,247.092456,244.235367,245.778391,36914800
2024-12-11,245.380219,249.670811,245.151243,246.843601,45205800
2024-12-12,246.843582,247.620069,244.573834,245.778392,32777500
2024-12-13,247.012833,248.167598,245.131343,246.704231,33155300
2024-12-16,249.909729,250.24821,246.534993,246.873473,51694800
2024-12-17,252.33873,252.68716,248.655392,248.954044,51356400
2024-12-18,246.933197,253.135143,246.624595,251.024693,56774100
2024-12-19,248.665344,250.865401,245.977504,246.385661,60882300
2024-12-20,253.344177,253.851876,244.583796,246.923206,147495300
2024-12-23,254.120667,254.498945,252.308854,253.622918,40858800
2024-12-24,257.037506,257.04744,254.140589,254.339701,23234700
2024-12-26,257.85376,258.928914,256.470034,257.02751,27237100
2024-12-27,254.439224,257.535238,251.920617,256.669129,42355300
2024-12-30,251.064484,252.358634,249.621015,251.094347,35557500
2024-12-31,249.292511,252.139635,248.306963,251.30342,39480700
2025-01-02,242.752106,247.978468,240.731247,247.80922,55740700
2025-01-03,242.264297,243.080598,240.800915,242.264297,40244100
2025-01-06,243.896912,246.216423,242.105013,243.210016,45045600
2025-01-07,241.119476,244.444435,240.263348,241.885999,40856000
2025-01-08,241.607254,242.612716,238.969192,240.830767,37628900
2025-01-10,235.783615,239.07871,231.950943,238.929376,61710900
2025-01-13,233.344635,233.613424,228.685713,232.478557,49630700
2025-01-14,232.229691,235.0569,231.42334,233.693073,39435300
2025-01-15,236.799011,237.884115,233.374497,233.583558,39832000
2025-01-16,227.2323,236.938402,227.00334,236.281385,71759100
2025-01-17,228.944519,231.244116,227.451273,231.074883,68488300
2025-01-21,221.637589,223.409573,218.392272,222.991466,98070400
2025-01-22,222.822235,223.110923,218.800416,218.800416,64126500
2025-01-23,222.653,226.007822,221.299123,223.728139,60234800
2025-01-24,221.776947,224.614121,220.41312,223.767942,54697900
2025-01-27,228.825073,231.104756,222.971543,223.011371,94863400
2025-01-28,237.187256,239.108574,229.770802,229.81063,75707600
2025-01-29,238.282303,238.780052,232.956385,233.06589,45486100
2025-01-30,236.520264,239.705853,236.141985,237.595403,55658300
2025-01-31,234.937424,246.077044,232.388952,246.077044,100959800
2025-02-03,226.983398,230.786206,224.683801,228.954495,73063300
2025-02-04,231.751831,232.080347,225.629512,226.226817,45067300
2025-02-05,231.423325,231.622421,227.242238,227.501062,39620300
2025-02-06,232.169952,232.747343,229.392506,230.248634,29925300
2025-02-07,226.605133,232.946448,226.236789,231.552758,39707200
2025-02-10,226.874191,229.804175,226.425728,228.787662,33115600
2025-02-11,231.827271,234.428377,227.352581,227.422335,53718400
2025-02-12,236.062775,236.15248,229.893867,230.412099,45243300
2025-02-13,240.706879,241.514116,234.767199,236.102628,53614100
2025-02-14,243.766464,244.713224,240.168766,240.427874,40896200
2025-02-18,243.636887,244.344459,241.015844,243.31797,48822500
2025-02-19,244.035492,245.171606,242.331328,243.826216,32204200
2025-02-20,244.992233,245.938993,243.457473,244.105267,32316900
2025-02-21,244.713196,247.842494,244.384319,245.111827,53197400
2025-02-24,246.257919,248.011916,243.587045,244.095301,51326400
2025-02-25,246.19812,249.14804,244.075389,247.154855,48013300
2025-02-26,239.540894,244.145144,238.315089,243.497366,44433600
2025-02-27,236.491318,241.633737,236.25213,238.594128,41153600
2025-02-28,241.015839,241.264987,229.415507,236.142504,56833400
2025-03-03,237.218826,243.198379,235.305371,240.966007,47184000
2025-03-04,235.125977,239.251883,233.880236,236.899925,53798100
2025-03-05,234.93663,235.743867,228.448806,234.617713,47227600
2025-03-06,234.528046,237.049423,232.365442,233.641079,45170400
2025-03-07,238.255295,240.547445,233.95997,234.308783,46273600
2025-03-10,226.704773,235.355201,223.455888,234.737303,72071200
2025-03-11,220.087418,225.070379,216.708971,223.047298,76137400
2025-03-12,216.24057,220.994319,214.177632,219.389805,62547500
2025-03-13,208.965424,216.101027,207.709723,215.21406,61368300
2025-03-14,212.762466,213.22089,208.865787,210.530095,60107600
2025-03-17,213.270721,214.486565,209.254456,212.58307,48073400
2025-03-18,211.965195,214.416803,210.769287,213.430186,42432400
2025-03-19,214.5065,218.014494,213.021572,213.489972,54385400
2025-03-20,213.370377,216.748823,211.496779,213.260751,48862900
2025-03-21,217.526184,218.094234,210.559999,210.839044,94127800
2025-03-24,219.977783,220.725227,217.835116,220.246867,44299500
2025-03-25,222.987488,223.336301,219.329997,220.017648,34493600
2025-03-26,220.775055,224.253167,219.71867,222.748303,34466100
2025-03-27,223.087173,224.223288,219.808377,220.63555,37094800
2025-03-28,217.15741,223.047273,216.938158,220.914566,39818600
2025-03-31,221.373016,224.851113,215.493114,216.270454,65299300
2025-04-01,222.429398,222.917718,218.154009,219.060911,36412700
2025-04-02,223.127014,224.422587,220.2668,220.56578,35905900
2025-04-03,202.497559,206.782908,200.564167,204.839541,103419000
2025-04-04,187.738037,199.198847,186.701573,193.229254,125910900
2025-04-07,180.841614,193.488355,174.024912,176.596122,160466300
2025-04-08,171.832428,189.691359,168.633375,186.063764,120859500
2025-04-09,198.172348,199.926345,171.304218,171.364011,184395900
2025-04-10,189.771072,194.116215,182.376361,188.425682,121880000
2025-04-11,197.474731,198.859994,185.425936,185.465808,87435900
2025-04-14,201.829849,212.214338,200.474483,210.71945,101352900
2025-04-15,201.451126,202.816452,199.119104,201.172082,51343900
2025-04-16,193.607956,200.016036,191.714422,197.684014,59732400
2025-04-17,196.308716,198.152417,193.757442,196.527967,52164700
2025-04-21,192.501724,193.139543,189.163135,192.61135,46742500
2025-04-22,199.059326,200.903013,195.302169,195.451652,52976400
2025-04-23,203.90274,207.291147,202.108872,205.297963,52929200
2025-04-24,207.659912,208.118351,202.248424,204.191776,47311000
2025-04-25,208.566803,209.035203,205.497297,205.666716,38222300
2025-04-28,209.423874,210.77924,206.753014,209.284352,38743100
2025-04-29,210.490234,211.516723,207.659901,207.978818,36827600
2025-04-30,211.775833,212.852154,205.965699,208.586741,52286500
2025-05-01,212.593048,213.828813,208.188097,208.367492,57365700
2025-05-02,204.650208,206.284618,201.471076,205.387676,101010600
2025-05-05,198.212219,203.404471,197.534544,202.407879,69018500
2025-05-06,197.833496,199.966203,196.348584,197.534531,51216500
2025-05-07,195.581207,198.760339,192.591431,198.491254,68536700
2025-05-08,196.816986,199.36826,194.016549,197.046198,50478900
2025-05-09,197.853439,199.856584,196.866808,198.321839,36453900
2025-05-12,210.347122,210.826125,206.315617,210.526752,63775800
2025-05-13,212.482635,212.951649,208.5609,209.987888,51909300
2025-05-14,211.883911,213.490529,210.137588,211.983692,49325800
2025-05-15,211.005753,212.51259,209.099762,210.506803,45029500
2025-05-16,210.816147,212.123407,209.329287,211.913842,54737900
2025-05-19,208.341354,209.039881,203.830847,207.473187,46140500
2025-05-20,206.4254,208.032018,204.599243,207.233696,42496600
2025-05-21,201.665421,206.605018,200.28833,204.738952,59211800
2025-05-22,200.936951,202.32403,199.280435,200.288322,46742400
2025-05-23,194.859741,197.284628,193.053546,193.263097,78432900
2025-05-27,199.789368,200.318253,197.015194,197.883377,56288500
2025-05-28,199.998932,202.304076,199.48002,200.168573,45339700
2025-05-29,199.529907,203.381798,198.09293,203.152286,51396800
2025-05-30,200.428024,201.535693,196.366568,198.951123,70819900
2025-06-02,201.27623,201.705334,199.699548,199.859215,35423300
2025-06-03,202.842941,203.341891,200.537797,200.926977,46381600
2025-06-04,202.393875,205.806688,201.675387,202.483682,43604000
2025-06-05,200.208481,204.31982,199.729478,203.072446,55126100
2025-06-06,203.491562,205.267821,201.625496,202.573497,46607700
2025-06-09,201.026749,205.567192,199.59976,203.960574,72862600
2025-06-10,202.244202,203.92068,200.148623,200.178559,54672600
2025-06-11,198.362366,204.070349,197.993148,203.07245,60989900
2025-06-12,198.781479,199.260466,196.945348,198.661736,43904600
2025-06-13,196.037262,199.949024,195.288838,199.31037,51447300
2025-06-16,198.003128,198.272565,196.147035,196.885486,43020700
2025-06-17,195.228958,197.97318,194.799869,196.785678,38856200
2025-06-18,196.166992,197.154918,194.66017,195.528337,45394700
2025-06-20,200.577713,201.276239,196.446411,197.823517,96813500
2025-06-23,201.076645,201.874967,198.541988,201.206377,55814300
2025-06-24,199.879181,203.012583,199.779385,202.164363,54064000
2025-06-25,201.13652,203.242088,200.198493,201.026751,39525700
2025-06-26,200.577713,202.214267,199.040955,201.006802,50799100
2025-06-27,200.657547,202.79305,199.579814,201.465843,73188600
2025-06-30,204.738937,206.954274,198.841351,201.585573,91912800
2025-07-01,207.383377,209.748393,205.706899,206.235784,78788900
2025-07-02,211.993668,212.891771,207.702699,208.471085,67941800
2025-07-03,213.101334,214.199013,211.364984,211.704266,34955800
2025-07-07,209.508896,215.7757,208.361318,212.233156,50229000
2025-07-08,209.568771,210.985786,208.012051,209.658594,42848900
2025-07-09,210.696396,210.885999,206.784634,209.089778,48749400
2025-07-10,211.963745,213.031489,209.58874,210.067728,44443600
2025-07-11,210.716354,211.684318,209.419083,210.127598,39765800
2025-07-14,208.181686,210.466884,207.103954,209.488932,38840100
2025-07-15,208.67067,211.444828,208.481066,208.780439,42296300
2025-07-16,209.71846,211.953744,208.201649,209.858165,47490500
2025-07-17,209.578751,211.35501,209.149646,210.127598,48068100
2025-07-18,210.736313,211.345032,209.259427,210.426967,48974600
2025-07-21,212.033585,215.326654,211.18538,211.654393,51377400
2025-07-22,213.949539,214.498387,211.7841,212.692192,46404100
2025-07-23,213.700073,214.697972,211.963739,214.548294,46989300
2025-07-24,213.310898,215.236851,213.081385,213.450603,46022600
2025-07-25,213.430649,214.787792,212.951646,214.248918,40268800
2025-07-28,213.600296,214.398618,212.61237,213.580334,37858000
2025-07-29,210.826126,214.358682,210.377075,213.730001,51411700
2025-07-30,208.610794,211.943773,207.283587,211.454797,45512500
2025-07-31,207.133911,209.399131,206.724769,208.051976,80698400
2025-08-01,201.954803,213.131269,201.076647,210.426956,104434500
2025-08-04,202.922775,207.443257,201.25627,204.080327,75109300
2025-08-05,202.493668,204.908581,201.73527,202.972655,44155100
2025-08-06,212.801956,214.927486,205.158046,205.197971,108483100
2025-08-07,219.567719,220.386003,216.12497,218.420141,90224800
2025-08-08,228.868134,230.514661,218.789348,220.36603,113854000
2025-08-11,226.959976,229.337676,224.542322,227.699265,61806100
2025-08-12,229.427582,230.576477,226.850094,227.789171,55626200
2025-08-13,233.104034,234.772415,230.206834,230.846229,69878500
2025-08-14,232.554565,234.892296,230.626442,233.833325,51916300
2025-08-15,231.365707,234.053105,229.117886,233.773377,56038700
2025-08-18,230.666397,232.894233,229.887154,231.47561,37476200
2025-08-19,230.336716,232.644476,229.127896,231.05602,39402600
2025-08-20,225.791107,230.246794,225.551349,229.757264,42263900
2025-08-21,224.68219,226.300631,223.563279,226.050874,30621200
2025-08-22,227.539413,228.868127,225.191699,225.950957,42477800
2025-08-25,226.940002,229.077929,226.010895,226.260653,30983100
2025-08-26,229.087921,229.267755,224.4724,226.650282,54575100
2025-08-27,230.266785,230.676376,228.038933,228.3886,31259500
2025-08-28,232.334778,233.183961,229.117895,230.596473,38074700
2025-08-29,231.915176,233.153981,231.145918,232.284813,39418400
2025-09-02,229.497528,230.626439,226.750191,229.027982,44075600
2025-09-03,238.239059,238.618696,234.133039,236.980285,66427800
2025-09-04,239.547775,239.667654,236.510726,238.219062,47549400
2025-09-05,239.45787,241.086297,238.259036,239.767568,54870400
2025-09-08,237.649628,239.917418,236.111111,239.068251,48999500
2025-09-09,234.123047,238.548749,233.134,236.770474,66313900
2025-09-10,226.570358,232.194911,225.731175,231.965138,83440800
2025-09-11,229.80722,230.226812,226.430489,226.660277,50208600
2025-09-12,233.843323,234.282884,228.79821,228.998014,55824200
2025-09-15,236.470764,237.959327,234.802383,236.770477,42699500
2025-09-16,237.919357,240.986391,236.091143,236.950295,63421100
2025-09-17,238.75856,239.867486,237.499771,238.738575,46508000
2025-09-18,237.649628,240.966404,236.420808,239.7376,44249600
2025-09-19,245.262238,246.061466,239.977368,240.996369,163741300
2025-09-22,255.831985,256.391471,247.879703,248.059536,105517400
2025-09-23,254.183594,257.090779,253.334426,255.632202,60275200
2025-09-24,252.065643,255.492329,250.796869,254.972829,42303700
2025-09-25,256.621216,256.920944,251.466225,252.964772,55202100
2025-09-26,255.212601,257.350528,253.53422,253.853917,46076300
2025-09-29,254.183594,254.753049,252.764971,254.313473,40127700
2025-09-30,254.383408,255.672152,252.864875,254.613181,37704300
2025-10-01,255.202606,258.539383,254.683106,254.793,48713900
2025-10-02,256.880981,257.929952,253.903857,256.331496,42630200
2025-10-03,257.770111,258.988931,253.704061,254.423365,49155600
2025-10-06,256.441406,258.819106,254.802995,257.740135,44664100
2025-10-07,256.231628,257.15072,255.182627,256.561295,31955800
2025-10-08,257.810089,258.269635,255.861965,256.271572,36496900
2025-10-09,253.793961,257.750132,252.894838,257.560314,38322000
2025-10-10,245.032471,256.131712,243.763696,254.693104,61999100
2025-10-13,247.420151,249.448184,245.322178,249.138486,38142900
2025-10-14,247.530045,248.609,244.46301,246.36118,35478000
2025-10-15,249.098526,251.576135,247.230342,249.24839,33893600
2025-10-16,247.210358,248.798814,244.892612,248.009586,39777000
2025-10-17,252.045654,253.13461,247.030527,247.779801,49147000
2025-10-20,261.986023,264.123965,255.382439,255.642182,90483000
2025-10-21,262.515503,265.033082,261.576411,261.626381,46695900
2025-10-22,258.199707,262.59544,255.182612,262.395621,45015300
2025-10-23,259.328583,260.367584,257.760126,259.68825,32754900
2025-10-24,262.565491,263.87422,258.929001,260.937064,38253700
2025-10-27,268.549652,268.859349,264.393677,264.623466,44888200
2025-10-28,268.739471,269.628624,267.890289,268.729471,41534800
2025-10-29,269.438812,271.147148,266.851294,269.019206,51086700
2025-10-30,271.137146,273.874513,268.219991,271.726571,69886500
2025-10-31,270.108154,277.051436,268.899335,276.721738,86167100
2025-11-03,268.789429,270.587704,265.992153,270.158128,50194600
2025-11-04,269.778473,271.22705,267.360803,268.070107,49274800
2025-11-05,269.878387,271.436874,266.671474,268.34984,43683100
2025-11-06,269.508728,273.135217,267.630574,267.630574,51204000
2025-11-07,268.209991,272.026299,266.511626,269.53869,48227400
2025-11-10,269.429993,273.730011,267.459991,268.959991,41312400
2025-11-11,275.25,275.910004,269.799988,269.809998,46208300
2025-11-12,273.470001,275.730011,271.700012,275,48398000
